xyz_campaign_id,age,gender,interest,Impressions,Clicks,Spent,Total_Conversion,Approved_Conversion,ClickThroughRate,ConversionRate,CostPerClick,CostPerConversion,Conversion_Value,ROAS,CostPerMille,RevenuePerMille,isFree,Free
campaign_c,3.0,2,10,1194718,141,254.049996,28,14,0.011801948242179327,0.5,1.8017730212765957,18.146428285714286,1400,5.510726321759123,0.21264431941261452,1.1718246481596493,0,Paid
campaign_c,3.0,2,10,637648,67,122.4,13,5,0.010507364564775551,0.38461538461538464,1.826865671641791,24.48,500,4.084967320261438,0.1919554362281384,0.7841316839384739,0,Paid
campaign_c,3.0,2,10,24362,0,0.0,1,1,0.0,1.0,0.0,0.0,100,0.0,0.0,4.10475330432641,1,Free
campaign_c,3.0,2,10,459690,50,86.33000112,5,2,0.010876895299005852,0.4,1.7266000224000002,43.16500056,200,2.3166917341052384,0.1878004766690596,0.43507581196023404,0,Paid
campaign_c,3.0,2,10,750060,86,161.9099991,11,2,0.01146574940671413,0.18181818181818182,1.8826744081395348,80.95499955,200,1.235254160408429,0.21586272978161744,0.26664533503986343,0,Paid
campaign_c,3.0,2,15,30068,1,1.820000052,1,0,0.0033257948649727284,0.0,1.820000052,0.0,0,0.0,0.060529468271916985,0.0,0,Paid
campaign_c,3.0,2,15,1267550,123,236.7699986,24,10,0.009703759220543567,0.4166666666666667,1.924959338211382,23.676999860000002,1000,4.223508070756056,0.18679341927340143,0.7889235138653308,0,Paid
campaign_c,3.0,2,15,3052003,340,639.9499981,60,17,0.011140224960460392,0.2833333333333333,1.8822058767647059,37.64411753529412,1700,2.6564575436319546,0.20968196889059415,0.5570112480230196,0,Paid
campaign_c,3.0,2,15,29945,1,1.590000033,2,1,0.0033394556687259976,0.5,1.590000033,1.590000033,100,62.89308045567821,0.053097346234763726,3.3394556687259978,0,Paid
campaign_c,3.0,2,15,357856,30,52.97000015,7,3,0.008383260305821335,0.42857142857142855,1.7656666716666665,17.656666716666667,300,5.663583144241317,0.14802043321894842,0.8383260305821336,0,Paid
campaign_c,3.0,2,16,2080666,202,360.1500015,40,21,0.009708429896965683,0.525,1.7829207995049503,17.150000071428572,2100,5.830903765802151,0.17309361593835818,1.009292217011284,0,Paid
campaign_c,3.0,2,16,145999,9,16.5200001,5,2,0.006164425783738245,0.4,1.8355555666666667,8.26000005,200,12.106537456982219,0.11315146062644266,1.3698723963862767,0,Paid
campaign_c,3.0,2,16,32616,1,1.539999962,2,0,0.00306597988717194,0.0,1.539999962,0.0,0,0.0,0.04721608909737553,0.0,0,Paid
campaign_c,3.0,2,16,984521,95,163.8999972,26,14,0.00964936248185666,0.5384615384615384,1.7252631284210527,11.707142657142857,1400,8.54179392261759,0.16647689302716753,1.4220113131157182,0,Paid
campaign_c,3.0,2,18,880814,123,210.3600006,6,2,0.013964355698251843,0.3333333333333333,1.7102439073170732,105.1800003,200,0.9507510906519744,0.23882454252543672,0.2270626942805178,0,Paid
campaign_c,3.0,2,18,182452,20,35.73000026,4,1,0.010961787209786683,0.25,1.786500013,35.73000026,100,2.798768521475516,0.19583232992787142,0.5480893604893342,0,Paid
campaign_c,3.0,2,18,894911,120,215.8399994,7,4,0.013409154653367766,0.5714285714285714,1.7986666616666667,53.95999985,400,1.8532246159744938,0.2411859943614505,0.4469718217789255,0,Paid
campaign_c,3.0,2,18,31349,2,3.800000072,1,0,0.006379788828989761,0.0,1.900000036,0.0,0,0.0,0.12121599004752943,0.0,0,Paid
campaign_c,3.0,2,19,410310,55,96.80000055,3,0,0.01340449903731325,0.0,1.76000001,0.0,0,0.0,0.2359191843971631,0.0,0,Paid
campaign_c,3.0,2,19,572450,89,157.329998,7,4,0.015547209363263169,0.5714285714285714,1.7677527865168539,39.3324995,400,2.5424267786490407,0.2748362267446939,0.6987509826185694,0,Paid
campaign_c,3.0,2,19,98759,15,26.56999946,1,1,0.015188489150355918,1.0,1.7713332973333331,26.56999946,100,3.763643283115069,0.26903876568211504,1.012565943357061,0,Paid
campaign_c,3.0,2,19,345371,54,93.08999991,7,3,0.015635360235804394,0.42857142857142855,1.7238888872222222,31.029999970000002,300,3.2226877246754957,0.26953623758219425,0.8686311242113554,0,Paid
campaign_c,3.0,2,20,323899,46,78.9200002,5,1,0.014201958017777148,0.2,1.7156521782608696,78.9200002,100,1.2671059268446376,0.24365620208768785,0.30873821777776406,0,Paid
campaign_c,3.0,2,20,399199,58,103.1500002,3,0,0.014529094511759799,0.0,1.7784482793103447,0.0,0,0.0,0.2583924313437659,0.0,0,Paid
campaign_c,3.0,2,20,171202,22,36.53000021,3,1,0.01285031716919195,0.3333333333333333,1.6604545549999998,36.53000021,100,2.7374760313476605,0.21337367676779476,0.5841053258723613,0,Paid
campaign_c,3.0,2,20,128386,15,28.85000002,2,1,0.011683516894365429,0.5,1.9233333346666666,28.85000002,100,3.466204503662943,0.22471297509074198,0.7789011262910287,0,Paid
campaign_c,3.0,2,20,1034284,152,257.7099986,20,9,0.01469615695495628,0.45,1.6954605171052632,28.63444428888889,900,3.4922975627225044,0.2491675387031028,0.8701671881224112,0,Paid
campaign_c,3.0,2,20,45923,5,7.220000148,2,0,0.010887790431809768,0.0,1.4440000296,0.0,0,0.0,0.15721969705811903,0.0,0,Paid
campaign_c,3.0,2,21,40873,4,7.899999976,2,1,0.009786411567538473,0.5,1.974999994,7.899999976,100,12.658227886556642,0.19328162787170014,2.446602891884618,0,Paid
campaign_c,3.0,2,21,286553,34,62.06000042,2,1,0.01186516979406951,0.5,1.82529413,62.06000042,100,1.6113438498748884,0.21657424776568385,0.348975582178515,0,Paid
campaign_c,3.0,2,21,20618,1,2.099999905,2,1,0.004850130953535745,0.5,2.099999905,2.099999905,100,47.619049773242736,0.10185274541662624,4.8501309535357455,0,Paid
campaign_c,3.0,2,21,83591,7,14.14000046,2,2,0.008374107260350995,1.0,2.0200000657142856,7.07000023,200,14.144271109875199,0.16915697216207487,2.3926020743859984,0,Paid
campaign_c,3.0,2,21,114923,12,23.73000026,4,2,0.010441774057412354,0.5,1.9775000216666667,11.86500013,200,8.42814992872655,0.20648608424771367,1.7402956762353923,0,Paid
campaign_c,3.0,2,22,25002,1,1.710000038,1,0,0.003999680025597952,0.0,1.710000038,0.0,0,0.0,0.0683945299576034,0.0,0,Paid
campaign_c,3.0,2,22,68905,5,9.440000057,1,0,0.007256367462448299,0.0,1.8880000114000002,0.0,0,0.0,0.13700021851824976,0.0,0,Paid
campaign_c,3.0,2,22,169588,16,27.79999924,1,0,0.00943462980871288,0.0,1.7374999525,0.0,0,0.0,0.16392668844493713,0.0,0,Paid
campaign_c,3.0,2,22,328991,35,67.65000057,5,2,0.010638588897568626,0.4,1.9328571591428572,33.825000285,200,2.9563931753858963,0.20562872713843236,0.6079193655753501,0,Paid
campaign_c,3.0,2,23,23198,2,2.980000019,1,0,0.008621432882145013,0.0,1.4900000095,0.0,0,0.0,0.1284593507629968,0.0,0,Paid
campaign_c,3.0,2,23,26890,2,3.24000001,1,0,0.007437709185570845,0.0,1.620000005,0.0,0,0.0,0.12049088917813314,0.0,0,Paid
campaign_c,3.0,2,23,221695,31,52.26000011,5,2,0.013983175082884144,0.4,1.6858064551612904,26.130000055,200,3.827018744336547,0.23572926818376597,0.9021403279280092,0,Paid
campaign_c,3.0,2,24,88443,7,13.0400002,1,1,0.007914702124532184,1.0,1.8628571714285713,13.0400002,100,7.668711538823443,0.14743959612405733,1.1306717320760262,0,Paid
campaign_c,3.0,2,24,187856,23,38.38999975,5,1,0.012243420492291969,0.2,1.6691304239130436,38.38999975,100,2.6048450286848466,0.20435865636444936,0.5323226300996509,0,Paid
campaign_c,3.0,2,25,570699,80,138.7699997,9,2,0.014017897350442177,0.2222222222222222,1.73462499625,69.38499985,200,1.4412336991595454,0.24315795138943647,0.3504474337610544,0,Paid
campaign_c,3.0,2,25,1063508,145,260.3800013,23,7,0.013634124049842596,0.30434782608695654,1.7957241468965517,37.19714304285714,700,2.688378510273861,0.24483125778085357,0.6581990920613667,0,Paid
campaign_c,3.0,2,25,50523,6,8.549999952,1,0,0.011875779348019715,0.0,1.424999992,0.0,0,0.0,0.1692298547592186,0.0,0,Paid
campaign_c,3.0,2,26,87935,9,15.63000023,1,0,0.010234832546767499,0.0,1.7366666922222223,0.0,0,0.0,0.17774492784443055,0.0,0,Paid
campaign_c,3.0,2,26,278225,33,60.19999957,3,0,0.011860903944649115,0.0,1.8242424112121214,0.0,0,0.0,0.21637164011142063,0.0,0,Paid
campaign_c,3.0,2,26,209461,20,34.19000006,1,0,0.009548316870443663,0.0,1.709500003,0.0,0,0.0,0.16322847718668393,0.0,0,Paid
campaign_c,3.0,2,26,26316,2,3.24000001,3,0,0.007599939200486396,0.0,1.620000005,0.0,0,0.0,0.12311901542787657,0.0,0,Paid
campaign_c,3.0,2,27,41030,3,5.140000105,2,1,0.0073117231294175,0.5,1.7133333683333334,5.140000105,100,19.455252520855733,0.12527419217645627,2.4372410431391662,0,Paid
campaign_c,3.0,2,27,876671,120,216.5599982,22,4,0.013688145267723011,0.18181818181818182,1.8046666516666667,54.13999955,400,1.8470631849127896,0.24702539287828618,0.45627150892410034,0,Paid
campaign_c,3.0,2,27,399392,53,93.07000041,5,0,0.013270170659402291,0.0,1.7560377435849057,0.0,0,0.0,0.2330292054172342,0.0,0,Paid
campaign_c,3.0,2,27,283858,30,56.05999923,1,0,0.01056866461399714,0.0,1.8686666410000001,0.0,0,0.0,0.19749311004093598,0.0,0,Paid
campaign_c,3.0,2,27,260699,31,54.09999871,5,2,0.011891108136203055,0.4,1.7451612487096775,27.049999355,200,3.69685775913025,0.20751901123517927,0.7671682668518099,0,Paid
campaign_c,3.0,2,28,57781,5,7.800000072,2,1,0.008653363562416711,0.5,1.5600000144,7.800000072,100,12.820512702169626,0.13499247281978505,1.7306727124833423,0,Paid
campaign_c,3.0,2,28,38757,3,5.220000029,1,0,0.007740537193281214,0.0,1.7400000096666668,0.0,0,0.0,0.13468534791134507,0.0,0,Paid
campaign_c,3.0,2,28,1392288,206,358.5500029,31,7,0.014795789376910524,0.22580645161290322,1.740533994660194,51.22142898571428,700,1.9523078910564975,0.2575257438834494,0.5027695419338527,0,Paid
campaign_c,3.0,2,28,1109387,159,280.9899995,13,2,0.014332239335777326,0.15384615384615385,1.7672327012578617,140.49499975,200,0.7117691033698158,0.25328402036439945,0.18027974007267078,0,Paid
campaign_c,3.0,2,29,581281,65,115.1200008,10,5,0.011182199314961266,0.5,1.7710769353846154,23.02400016,500,4.343293923952093,0.19804535293601544,0.8601691780739436,0,Paid
campaign_c,3.0,2,29,1048861,128,219.770002,22,8,0.012203714314861551,0.36363636363636365,1.716953140625,27.47125025,800,3.6401692347438757,0.2095320562019181,0.7627321446788469,0,Paid
campaign_c,3.0,2,29,297452,30,52.01999986,4,1,0.010085660879738579,0.25,1.7339999953333334,52.01999986,100,1.9223375676495051,0.1748853591840028,0.336188695991286,0,Paid
campaign_c,3.0,2,29,227925,22,35.30999994,22,12,0.009652297905012614,0.5454545454545454,1.6049999972727271,2.942499995,1200,33.98470693965116,0.15491938111220796,5.2648897663705165,0,Paid
campaign_c,3.0,2,29,374175,38,63.32000101,8,3,0.010155675820137636,0.375,1.6663158160526315,21.10666700333333,300,4.737839469595422,0.16922563241798624,0.8017638805371818,0,Paid
campaign_c,3.0,2,30,223586,32,54.24000037,1,0,0.014312166235810829,0.0,1.6950000115625,0.0,0,0.0,0.24259121935183775,0.0,0,Paid
campaign_c,3.0,2,30,283170,39,65.22999996,2,1,0.013772645407352473,0.5,1.6725641015384616,65.22999996,100,1.533036947130484,0.23035632291556307,0.3531447540346788,0,Paid
campaign_c,3.0,2,30,41636,3,4.210000038,1,0,0.00720530310308387,0.0,1.4033333460000001,0.0,0,0.0,0.1011144211259487,0.0,0,Paid
campaign_c,3.0,2,30,198658,30,48.60999978,8,1,0.01510132992378862,0.125,1.6203333260000001,48.60999978,100,2.0571898879362633,0.24469188142435744,0.5033776641262875,0,Paid
campaign_c,3.0,2,31,100596,10,13.91999972,4,2,0.009940753111455723,0.5,1.391999972,6.95999986,200,14.367816380961823,0.1383752805280528,1.988150622291145,0,Paid
campaign_c,3.0,2,31,64020,5,11.0599997,1,0,0.0078100593564511085,0.0,2.21199994,0.0,0,0.0,0.17275850827866293,0.0,0,Paid
campaign_c,3.0,2,31,14289,0,0.0,1,0,0.0,0.0,0.0,0.0,0,0.0,0.0,0.0,0,Free
campaign_c,3.0,2,32,404866,43,87.42000079,4,0,0.010620797992422184,0.0,2.033023274186047,0.0,0,0.0,0.2159232950902274,0.0,0,Paid
campaign_c,3.0,2,32,22256,1,1.659999967,1,1,0.004493170381020849,1.0,1.659999967,1.659999967,100,60.240965052983036,0.07458662684219985,4.493170381020848,0,Paid
campaign_c,3.0,2,32,57690,4,6.74000001,1,0,0.006933610677760443,0.0,1.6850000025,0.0,0,0.0,0.11683134009360374,0.0,0,Paid
campaign_c,3.0,2,36,24952,5,8.220000267,3,2,0.020038473869830074,0.6666666666666666,1.6440000533999999,4.1100001335,200,24.330899452998764,0.32943252112055144,8.01538954793203,0,Paid
campaign_c,3.0,2,36,38900,3,5.580000043,1,0,0.007712082262210797,0.0,1.8600000143333333,0.0,0,0.0,0.1434447311825193,0.0,0,Paid
campaign_c,3.0,2,36,53520,6,9.2299999,1,1,0.011210762331838564,1.0,1.5383333166666666,9.2299999,100,10.834236303729538,0.17245889200298953,1.8684603886397608,0,Paid
campaign_c,3.0,2,36,181683,20,34.22999972,2,1,0.011008184585239125,0.5,1.7114999860000002,34.22999972,100,2.9214139882557966,0.1884050776352218,0.5504092292619562,0,Paid
campaign_c,3.0,2,36,29185,2,3.149999976,1,0,0.00685283536063046,0.0,1.574999988,0.0,0,0.0,0.10793215610758952,0.0,0,Paid
campaign_c,3.0,2,36,105047,13,20.2099994,3,1,0.01237541291041153,0.3333333333333333,1.5546153384615384,20.2099994,100,4.948045668917733,0.19239006730320712,0.9519548392624254,0,Paid
campaign_c,3.0,2,63,287976,31,59.43999982,3,2,0.010764785954385087,0.6666666666666666,1.917419349032258,29.71999991,200,3.364737560660376,0.20640608877128647,0.6945023196377477,0,Paid
campaign_c,3.0,2,63,212175,22,38.58999968,2,1,0.010368799340167314,0.5,1.7540908945454545,38.58999968,100,2.591344929495475,0.18187816509956403,0.4713090609166961,0,Paid
campaign_c,3.0,2,63,11139,0,0.0,1,1,0.0,1.0,0.0,0.0,100,0.0,0.0,8.977466558937069,1,Free
campaign_c,3.0,2,63,124005,11,21.84999979,4,1,0.008870610056046127,0.25,1.986363617272727,21.84999979,100,4.576659082887799,0.17620257078343615,0.8064190960041934,0,Paid
campaign_c,3.0,2,63,20423,1,1.960000038,1,0,0.0048964402879106885,0.0,1.960000038,0.0,0,0.0,0.09597023150369682,0.0,0,Paid
campaign_c,3.0,2,64,103001,14,22.32000005,1,0,0.013592101047562644,0.0,1.594285717857143,0.0,0,0.0,0.21669692575800234,0.0,0,Paid
campaign_c,3.0,2,64,447420,66,110.2399991,7,2,0.014751240445219258,0.2857142857142857,1.6703030166666668,55.11999955,200,1.8142235271480511,0.24639041415225071,0.44700728621876534,0,Paid
campaign_c,3.0,2,64,156101,19,29.75000048,2,2,0.012171606844286711,1.0,1.5657894989473684,14.87500024,200,6.722688967163338,0.19058174182100052,1.2812217730828117,0,Paid
campaign_c,3.0,2,64,93015,12,18.47000015,1,0,0.012901144976616674,0.0,1.5391666791666667,0.0,0,0.0,0.19857012471106814,0.0,0,Paid
campaign_c,3.0,2,65,145398,23,36.24000025,1,0,0.015818649499993124,0.0,1.5756521847826088,0.0,0,0.0,0.24924689644974485,0.0,0,Paid
campaign_c,3.0,2,65,296413,50,76.43999958,3,1,0.01686835597628984,0.3333333333333333,1.5287999916000001,76.43999958,100,1.3082156011178774,0.2578834247485772,0.3373671195257968,0,Paid
campaign_c,3.0,2,2,9370,0,0.0,1,1,0.0,1.0,0.0,0.0,100,0.0,0.0,10.672358591248667,1,Free
campaign_c,3.0,2,2,63785,7,11.80000019,6,2,0.010974367014188288,0.3333333333333333,1.685714312857143,5.900000095,200,16.9491522694628,0.18499647550364506,3.1355334326252255,0,Paid
campaign_c,3.0,2,2,118522,14,26.81999981,2,1,0.011812153018005096,0.5,1.915714272142857,26.81999981,100,3.7285608019547563,0.22628710121327683,0.8437252155717926,0,Paid
campaign_c,3.0,2,2,240123,38,65.67000115,5,4,0.015825222906593703,0.8,1.728157925,16.4175002875,400,6.091061260777821,0.27348484380921445,1.6658129375361794,0,Paid
campaign_c,3.0,2,7,169108,20,32.24000025,2,1,0.011826761596139745,0.5,1.6120000125,32.24000025,100,3.101736948652784,0.1906473984081179,0.5913380798069873,0,Paid
campaign_c,3.0,2,7,1044442,142,245.5999999,22,8,0.013595776500753514,0.36363636363636365,1.729577464084507,30.6999999875,800,3.257328991554287,0.23514948642432995,0.7659592394790711,0,Paid
campaign_c,3.0,2,7,93891,11,17.6400001,5,3,0.011715712901130035,0.6,1.6036363727272729,5.880000033333334,300,17.006802624677988,0.18787743340682284,3.195194427580918,0,Paid
campaign_c,3.0,2,7,185823,25,38.54999936,4,1,0.013453662894259592,0.25,1.5419999744000001,38.54999936,100,2.5940337655040624,0.2074554783853452,0.5381465157703836,0,Paid
campaign_c,3.0,2,66,175631,23,40.75999951,1,0,0.013095638013790276,0.0,1.7721738917391305,0.0,0,0.0,0.2320774778370561,0.0,0,Paid
campaign_c,3.0,2,66,37187,4,6.370000005,1,0,0.010756447145507839,0.0,1.59250000125,0.0,0,0.0,0.1712964209266679,0.0,0,Paid
campaign_c,3.0,2,66,10991,0,0.0,1,0,0.0,0.0,0.0,0.0,0,0.0,0.0,0.0,0,Free
campaign_c,3.0,2,66,344618,51,89.76000047,3,1,0.014798994829057102,0.3333333333333333,1.7600000092156862,89.76000047,100,1.114081990601398,0.26046231035523393,0.290176369197198,0,Paid
campaign_c,3.5,2,10,98066,9,16.1500001,1,0,0.009177492708991904,0.0,1.7944444555555554,0.0,0,0.0,0.16468500907552056,0.0,0,Paid
campaign_c,3.5,2,10,770749,100,189.1299984,13,3,0.01297439244163794,0.23076923076923078,1.891299984,63.0433328,300,1.5862105564317501,0.24538468217279555,0.3892317732491382,0,Paid
campaign_c,3.5,2,10,52553,5,8.529999852,1,0,0.009514204707628489,0.0,1.7059999704,0.0,0,0.0,0.16231232949593744,0.0,0,Paid
campaign_c,3.5,2,10,362296,39,67.77000129,7,3,0.01076467860533928,0.42857142857142855,1.7376923407692306,22.59000043,300,4.426737410203759,0.18705699563340472,0.8280522004107139,0,Paid
campaign_c,3.5,2,10,427729,50,96.8999989,4,1,0.011689644611424523,0.25,1.937999978,96.8999989,100,1.0319917557811242,0.22654530999768546,0.23379289222849048,0,Paid
campaign_c,3.5,2,15,180351,21,37.13000011,1,1,0.011643960942828152,1.0,1.7680952433333332,37.13000011,100,2.693239959702225,0.20587631956573568,0.5544743306108644,0,Paid
campaign_c,3.5,2,15,187329,29,53.15999961,2,1,0.015480785142716825,0.5,1.8331034348275863,53.15999961,100,1.8811136330630984,0.28377880418942075,0.5338201773350629,0,Paid
campaign_c,3.5,2,15,782894,118,192.9299995,5,2,0.015072283093241231,0.4,1.634999995762712,96.46499975,200,1.0366454181222344,0.24643182793583807,0.2554624253091734,0,Paid
campaign_c,3.5,2,16,1206533,128,236.1199988,17,6,0.010608909992515746,0.35294117647058826,1.844687490625,39.35333313333333,600,2.541080819283826,0.19570123552360358,0.49729265589917554,0,Paid
campaign_c,3.5,2,16,84494,7,12.57000017,2,0,0.008284611925107108,0.0,1.79571431,0.0,0,0.0,0.14876796186711483,0.0,0,Paid
campaign_c,3.5,2,16,94257,7,12.5800004,1,1,0.007426504132319085,1.0,1.7971429142857143,12.5800004,100,7.949125343430037,0.13346489279310822,1.0609291617598693,0,Paid
campaign_c,3.5,2,18,131060,16,28.04999959,2,1,0.01220814893941706,0.5,1.753124974375,28.04999959,100,3.5650624407014475,0.21402410796581717,0.7630093087135662,0,Paid
campaign_c,3.5,2,18,341603,50,83.48000121,4,2,0.01463687379794674,0.5,1.6696000242,41.740000605,200,2.395783386453068,0.2443772484726422,0.5854749519178696,0,Paid
campaign_c,3.5,2,18,140749,19,30.4799999,1,1,0.01349920780964696,1.0,1.6042105210526316,30.4799999,100,3.280839905777034,0.21655571194111503,0.7104846215603664,0,Paid
campaign_c,3.5,2,18,102525,13,20.29999983,2,1,0.012679834186783711,0.5,1.5615384484615384,20.29999983,100,4.926108415637361,0.1980004860277981,0.975371860521824,0,Paid
campaign_c,3.5,2,19,447952,68,131.5799983,8,1,0.015180197878344109,0.125,1.934999975,131.5799983,100,0.7599939298676827,0.29373682515090904,0.2232382040932957,0,Paid
campaign_c,3.5,2,19,76355,9,14.62999988,2,0,0.011787047344640167,0.0,1.625555542222222,0.0,0,0.0,0.19160500137515551,0.0,0,Paid
campaign_c,3.5,2,20,256598,38,64.46999931,6,1,0.014809156735438311,0.16666666666666666,1.6965789292105264,64.46999931,100,1.5511090595667014,0.2512490327672079,0.38971465093258717,0,Paid
campaign_c,3.5,2,20,127476,21,30.15000057,3,2,0.0164736891650193,0.6666666666666666,1.4357143128571428,15.075000285,200,6.633499045403169,0.2365151131977784,1.5689227776208856,0,Paid
campaign_c,3.5,2,20,237603,37,62.25000024,5,2,0.015572193953780044,0.4,1.682432438918919,31.12500012,200,3.212851393235593,0.26199164252976603,0.8417402137178402,0,Paid
campaign_c,3.5,2,21,271091,42,78.03999984,3,1,0.015492952550988414,0.3333333333333333,1.8580952342857142,78.03999984,100,1.2813941594697984,0.2878738130000627,0.3688798226425813,0,Paid
campaign_c,3.5,2,21,21743,2,3.400000095,1,0,0.009198362691440923,0.0,1.7000000475,0.0,0,0.0,0.15637217012371799,0.0,0,Paid
campaign_c,3.5,2,22,88970,10,14.8300004,2,0,0.011239743733842868,0.0,1.4830000399999999,0.0,0,0.0,0.1666854040687872,0.0,0,Paid
campaign_c,3.5,2,22,108362,13,22.42999983,1,1,0.01199682545541795,1.0,1.7253846023076922,22.42999983,100,4.4583147908120155,0.20699137917351101,0.9228327273398423,0,Paid
campaign_c,3.5,2,22,188596,27,44.14000034,3,0,0.014316316358777491,0.0,1.6348148274074075,0.0,0,0.0,0.23404526257184669,0.0,0,Paid
campaign_c,3.5,2,22,275080,43,69.65999997,4,3,0.01563181619892395,0.75,1.6199999993023255,23.21999999,300,4.306632215463666,0.2532354223135088,1.0905918278319033,0,Paid
campaign_c,3.5,2,23,64647,10,16.26999998,1,0,0.015468621900474887,0.0,1.626999998,0.0,0,0.0,0.251674478011354,0.0,0,Paid
campaign_c,3.5,2,23,31265,4,5.789999902,1,0,0.012793858947705102,0.0,1.4474999755,0.0,0,0.0,0.1851911051335359,0.0,0,Paid
campaign_c,3.5,2,23,140147,24,42.08000016,2,0,0.017124876023032958,0.0,1.75333334,0.0,0,0.0,0.3002561607455029,0.0,0,Paid
campaign_c,3.5,2,23,223120,40,67.66999984,1,0,0.017927572606669058,0.0,1.691749996,0.0,0,0.0,0.30328970885622086,0.0,0,Paid
campaign_c,3.5,2,23,104869,18,34.07000089,1,0,0.017164271615062603,0.0,1.8927778272222224,0.0,0,0.0,0.3248815273341026,0.0,0,Paid
campaign_c,3.5,2,24,165177,23,41.71999967,4,1,0.013924456794832209,0.25,1.8139130291304348,41.71999967,100,2.3969319460927023,0.2525775360370996,0.6054111649927048,0,Paid
campaign_c,3.5,2,24,84194,11,19.56999981,1,0,0.013065064018813691,0.0,1.7790908918181818,0.0,0,0.0,0.2324393639689289,0.0,0,Paid
campaign_c,3.5,2,24,220581,31,57.37,1,1,0.014053794297786302,1.0,1.8506451612903225,57.37,100,1.743071291615827,0.26008586414967744,0.4533482031543968,0,Paid
campaign_c,3.5,2,25,75804,10,17.36999965,2,1,0.013191915993878952,0.5,1.736999965,17.36999965,100,5.7570525051795265,0.22914357619650677,1.319191599387895,0,Paid
campaign_c,3.5,2,25,368986,59,100.289999,0,0,0.01598976654940838,0.0,1.6998304915254236,0.0,0,0.0,0.2717989273305762,0.0,0,Paid
campaign_c,3.5,2,25,28194,3,3.709999919,2,0,0.010640561821664184,0.0,1.2366666396666666,0.0,0,0.0,0.1315882783216287,0.0,0,Paid
campaign_c,3.5,2,26,99961,14,23.2099998,1,0,0.014005462130230791,0.0,1.6578571285714285,0.0,0,0.0,0.232190552315403,0.0,0,Paid
campaign_c,3.5,2,26,7573,0,0.0,1,0,0.0,0.0,0.0,0.0,0,0.0,0.0,0.0,0,Free
campaign_c,3.5,2,27,685781,103,177.8899992,10,1,0.015019372073592007,0.1,1.7270873708737864,177.8899992,100,0.5621451484047226,0.2593976782675519,0.14581914634555346,0,Paid
campaign_c,3.5,2,27,274222,43,66.7700001,2,1,0.01568072583527215,0.5,1.5527907,66.7700001,100,1.497678595929791,0.24348885246260332,0.3646680426807477,0,Paid
campaign_c,3.5,2,27,110503,25,32.67999995,4,0,0.02262382016777825,0.0,1.3071999980000002,0.0,0,0.0,0.2957385767807209,0.0,0,Paid
campaign_c,3.5,2,28,1447755,233,420.5799983,11,8,0.016093883288263555,0.7272727272727273,1.805064370386266,52.5724997875,800,1.9021351543906742,0.290504953047995,0.5525796837172035,0,Paid
campaign_c,3.5,2,28,358987,52,87.55000067,1,0,0.014485204199594972,0.0,1.6836538590384615,0.0,0,0.0,0.24388069949608204,0.0,0,Paid
campaign_c,3.5,2,28,826205,125,232.3700008,5,1,0.015129417033302872,0.2,1.8589600064,232.3700008,100,0.43034815017309236,0.2812498118505698,0.12103533626642299,0,Paid
campaign_c,3.5,2,28,550954,84,150.1400012,3,0,0.0152462819037524,0.0,1.7873809666666667,0.0,0,0.0,0.2725091408720147,0.0,0,Paid
campaign_c,3.5,2,28,378350,55,96.48000073,4,0,0.01453680454605524,0.0,1.7541818314545454,0.0,0,0.0,0.25500198422095943,0.0,0,Paid
campaign_c,3.5,2,29,492784,56,95.5100013,7,4,0.011364005324848209,0.5714285714285714,1.7055357375,23.877500325,400,4.188043079840268,0.19381717202668916,0.8117146660605864,0,Paid
campaign_c,3.5,2,29,327158,43,72.3100003,6,2,0.013143496414576444,0.3333333333333333,1.6816279139534884,36.15500015,200,2.765869162913003,0.22102470457699339,0.6113254146314624,0,Paid
campaign_c,3.5,2,29,9921,0,0.0,1,0,0.0,0.0,0.0,0.0,0,0.0,0.0,0.0,0,Free
campaign_c,3.5,2,29,59390,5,9.209999919,5,3,0.008418925745074928,0.6,1.8419999837999999,3.069999973,300,32.57329018875532,0.15507661086041422,5.051355447044957,0,Paid
campaign_c,3.5,2,29,1040330,147,254.2500038,13,2,0.014130131785106649,0.15384615384615385,1.729591862585034,127.1250019,200,0.7866273235430331,0.24439360952774603,0.19224669095383196,0,Paid
campaign_c,3.5,2,30,49422,6,11.17000031,1,0,0.012140342357654486,0.0,1.8616667183333335,0.0,0,0.0,0.2260127131641779,0.0,0,Paid
campaign_c,3.5,2,30,131091,18,34.23000026,3,1,0.013730919742774102,0.3333333333333333,1.901666681111111,34.23000026,100,2.9214139421686354,0.2611163257584426,0.7628288745985613,0,Paid
campaign_c,3.5,2,30,95691,15,25.26000011,1,1,0.015675455371978557,1.0,1.6840000073333334,25.26000011,100,3.9588281696171377,0.2639746696136523,1.0450303581319036,0,Paid
campaign_c,3.5,2,31,15513,1,1.289999962,1,0,0.00644620640752917,0.0,1.289999962,0.0,0,0.0,0.08315606020756784,0.0,0,Paid
campaign_c,3.5,2,32,382537,63,113.9900012,4,3,0.016468995156024124,0.75,1.8093650984126983,37.99666706666667,300,2.631809780172193,0.29798425041237836,0.7842378645725773,0,Paid
campaign_c,3.5,2,32,461356,64,121.0999982,6,3,0.013872150790279092,0.5,1.892187471875,40.36666606666667,300,2.4772915314543744,0.26248709933326975,0.6502570682943323,0,Paid
campaign_c,3.5,2,32,392541,53,98.70000017,3,2,0.013501774336948243,0.6666666666666666,1.8622641541509433,49.350000085,200,2.0263424483842125,0.2514387036513383,0.5095009183754055,0,Paid
campaign_c,3.5,2,36,35088,5,8.800000072,1,1,0.014249886000911993,1.0,1.7600000143999999,8.800000072,100,11.363636270661159,0.2507979956680346,2.8499772001823986,0,Paid
campaign_c,3.5,2,36,53933,6,9.929999948,3,1,0.01112491424545269,0.3333333333333333,1.6549999913333335,9.929999948,100,10.07049350691497,0.18411732979808282,1.854152374242115,0,Paid
campaign_c,3.5,2,63,228861,33,53.38999939,4,2,0.01441923263465597,0.5,1.6178787693939394,26.694999695,200,3.7460198967048535,0.2332857035056213,0.8738928869488466,0,Paid
campaign_c,3.5,2,63,20959,2,3.769999981,1,1,0.009542440001908488,1.0,1.8849999905,3.769999981,100,26.52519907267342,0.1798749931294432,4.771220000954244,0,Paid
campaign_c,3.5,2,64,24992,2,3.190000057,1,0,0.008002560819462228,0.0,1.5950000285,0.0,0,0.0,0.12764084735115236,0.0,0,Paid
campaign_c,3.5,2,64,100351,15,24.17999995,2,1,0.014947534155115546,0.5,1.6119999966666667,24.17999995,100,4.135649305491417,0.24095425008221144,0.996502277007703,0,Paid
campaign_c,3.5,2,64,292448,43,76.89999968,2,1,0.014703468650837073,0.5,1.7883720855813952,76.89999968,100,1.300390122446357,0.2629527289637816,0.34194113141481564,0,Paid
campaign_c,3.5,2,64,65060,7,14.5200001,1,1,0.010759299108515216,1.0,2.0742857285714287,14.5200001,100,6.887052294166306,0.22317860590224411,1.5370427297878881,0,Paid
campaign_c,3.5,2,64,133316,21,36.17000055,2,0,0.015752047766209608,0.0,1.7223809785714284,0.0,0,0.0,0.27131027446067985,0.0,0,Paid
campaign_c,3.5,2,65,113501,26,38.44000077,5,4,0.022907287160465546,0.8,1.478461568076923,9.6100001925,400,10.405827054826046,0.3386754369565026,3.5241980246870073,0,Paid
campaign_c,3.5,2,65,192810,41,61.92999995,4,3,0.02126445723769514,0.75,1.5104878036585367,20.643333316666666,300,4.844178915585482,0.32119703308957004,1.5559358954411078,0,Paid
campaign_c,3.5,2,2,233404,43,70.4100008,2,1,0.018422991893883568,0.5,1.6374418790697676,70.4100008,100,1.4202527888623457,0.30166578464807803,0.4284416719507806,0,Paid
campaign_c,3.5,2,2,128843,24,37.5999999,2,0,0.018627321623991992,0.0,1.5666666625,0.0,0,0.0,0.2918280379997361,0.0,0,Paid
campaign_c,3.5,2,2,63564,12,20.59000027,2,0,0.018878610534264678,0.0,1.7158333558333334,0.0,0,0.0,0.3239254966647788,0.0,0,Paid
campaign_c,3.5,2,2,85970,14,24.78000021,1,1,0.016284750494358496,1.0,1.7700000150000001,24.78000021,100,4.035512475889523,0.28824008619285796,1.1631964638827497,0,Paid
campaign_c,3.5,2,7,131232,16,29.53999937,1,1,0.0121921482565228,1.0,1.846249960625,29.53999937,100,3.3852404242620673,0.2250975323853938,0.7620092660326749,0,Paid
campaign_c,3.5,2,7,152454,22,37.84999979,1,1,0.01443058233959096,1.0,1.7204545359090908,37.84999979,100,2.642007940682211,0.24827160841958884,0.6559355608904981,0,Paid
campaign_c,3.5,2,7,28989,2,2.290000021,1,0,0.006899168650177653,0.0,1.1450000105,0.0,0,0.0,0.07899548176894684,0.0,0,Paid
campaign_c,3.5,2,66,80248,15,24.1900003,1,1,0.018692054630645,1.0,1.6126666866666668,24.1900003,100,4.13393959321282,0.30144053808194593,1.2461369753763334,0,Paid
campaign_c,3.5,2,66,38580,5,8.519999981,1,0,0.012960082944530845,0.0,1.7039999961999999,0.0,0,0.0,0.22083981288232246,0.0,0,Paid
campaign_c,4.0,2,10,621591,91,163.36,5,1,0.014639851606603057,0.2,1.7951648351648353,163.36,100,0.6121449559255632,0.26280946796205223,0.16087749018245115,0,Paid
campaign_c,4.0,2,10,250499,36,58.14000005,3,1,0.014371314855548325,0.3333333333333333,1.6150000013888888,58.14000005,100,1.7199862386309028,0.23209673511670703,0.39920319043189795,0,Paid
campaign_c,4.0,2,10,131637,18,29.30999982,2,1,0.01367396704573942,0.5,1.6283333233333335,29.30999982,100,3.4118048657156215,0.2226577620273935,0.7596648358744121,0,Paid
campaign_c,4.0,2,10,463813,69,116.3399996,4,2,0.014876685215808958,0.5,1.6860869507246377,58.1699998,200,1.7190991979339838,0.2508338481241362,0.43120826712489735,0,Paid
campaign_c,4.0,2,10,211767,35,60.89999914,5,1,0.01652759872879155,0.2,1.7399999754285713,60.89999914,100,1.6420361479827765,0.28758021381990584,0.4722171065369014,0,Paid
campaign_c,4.0,2,15,163181,26,40.02000093,1,1,0.015933227520360825,1.0,1.539230805,40.02000093,100,2.498750566620739,0.2452491462241315,0.612816443090801,0,Paid
campaign_c,4.0,2,16,1117385,147,260.0699984,11,2,0.013155716248204512,0.18181818181818182,1.769183662585034,130.0349992,200,0.7690237291130771,0.232748782559279,0.17898933671026548,0,Paid
campaign_c,4.0,2,16,1663441,205,359.4700001,17,6,0.012323851582352486,0.35294117647058826,1.7535121956097561,59.91166668333333,600,1.6691239876292532,0.21610024046539672,0.36069809509324346,0,Paid
campaign_c,4.0,2,16,455248,54,105.7099996,5,2,0.011861666608090534,0.4,1.9575925851851852,52.8549998,200,1.8919686004804412,0.2322031059993674,0.4393209854848346,0,Paid
campaign_c,4.0,2,16,75589,6,10.66000009,1,1,0.00793766288745717,1.0,1.7766666816666667,10.66000009,100,9.380862960199092,0.14102581182447183,1.322943814576195,0,Paid
campaign_c,4.0,2,16,594267,82,143.3000009,3,2,0.0137985114435094,0.6666666666666666,1.7475609865853656,71.65000045,200,1.3956734036559244,0.24113740271628745,0.3365490595977902,0,Paid
campaign_c,4.0,2,16,315281,35,65.02999854,1,0,0.011101208128621769,0.0,1.857999958285714,0.0,0,0.0,0.2062604423990028,0.0,0,Paid
campaign_c,4.0,2,19,363456,71,117.5599997,7,1,0.0195346892058461,0.14285714285714285,1.655774643661972,117.5599997,100,0.850629467975407,0.3234504305885719,0.27513646768797323,0,Paid
campaign_c,4.0,2,19,438983,81,143.4300001,3,1,0.018451739589004586,0.3333333333333333,1.7707407419753087,143.4300001,100,0.6972042106273414,0.3267324705056916,0.2277992541852418,0,Paid
campaign_c,4.0,2,19,42563,5,9.659999847,1,1,0.011747292249136574,1.0,1.9319999694,9.659999847,100,10.35196703766573,0.2269576826586472,2.3494584498273148,0,Paid
campaign_c,4.0,2,20,399035,75,124.7999995,7,3,0.018795343766837495,0.42857142857142855,1.6639999933333334,41.599999833333335,300,2.4038461634769477,0.312754519027153,0.7518137506734999,0,Paid
campaign_c,4.0,2,20,304680,59,98.55000019,3,0,0.01936457923066824,0.0,1.6703389862711866,0.0,0,0.0,0.32345411641722466,0.0,0,Paid
campaign_c,4.0,2,20,140596,23,40.77000022,1,0,0.016358929130273977,0.0,1.7726087052173913,0.0,0,0.0,0.2899798018435802,0.0,0,Paid
campaign_c,4.0,2,20,439986,80,134.8799999,4,3,0.018182396712622673,0.75,1.68599999875,44.959999966666665,300,2.2241992899052487,0.30655520834753835,0.6818398767233503,0,Paid
campaign_c,4.0,2,20,75803,11,19.3599999,2,2,0.014511299025104547,1.0,1.7599999909090907,9.67999995,200,10.330578565757122,0.255398861522631,2.638418004564463,0,Paid
campaign_c,4.0,2,21,7073,0,0.0,1,0,0.0,0.0,0.0,0.0,0,0.0,0.0,0.0,0,Free
campaign_c,4.0,2,22,153586,28,43.01000035,2,0,0.018230828330707226,0.0,1.5360714410714285,0.0,0,0.0,0.28003854745875273,0.0,0,Paid
campaign_c,4.0,2,22,180815,31,42.62999976,1,0,0.017144595304593092,0.0,1.375161282580645,0.0,0,0.0,0.2357658366839034,0.0,0,Paid
campaign_c,4.0,2,22,253169,51,75.78999984,1,0,0.020144646461454602,0.0,1.486078428235294,0.0,0,0.0,0.2993652455079413,0.0,0,Paid
campaign_c,4.0,2,22,34453,5,7.710000038,1,1,0.014512524308478216,1.0,1.5420000076,7.710000038,100,12.970168548266354,0.22378312593968597,2.9025048616956433,0,Paid
campaign_c,4.0,2,23,51550,8,14.03999984,1,0,0.015518913676042675,0.0,1.75499998,0.0,0,0.0,0.27235693191076626,0.0,0,Paid
campaign_c,4.0,2,23,110018,24,39.85999966,1,0,0.02181461215437474,0.0,1.6608333191666667,0.0,0,0.0,0.36230434710683707,0.0,0,Paid
campaign_c,4.0,2,24,137584,21,36.77999961,1,0,0.015263402721246657,0.0,1.7514285528571427,0.0,0,0.0,0.2673275933974881,0.0,0,Paid
campaign_c,4.0,2,24,209825,30,54.86999953,1,0,0.01429762897652806,0.0,1.8289999843333333,0.0,0,0.0,0.2615036317407363,0.0,0,Paid
campaign_c,4.0,2,25,264222,63,87.7899996,1,1,0.02384358607534573,1.0,1.393492057142857,87.7899996,100,1.1390819051786394,0.33225847809796305,0.37846962024358305,0,Paid
campaign_c,4.0,2,26,31202,5,6.730000019,1,0,0.016024613806807256,0.0,1.3460000038,0.0,0,0.0,0.215691302448561,0.0,0,Paid
campaign_c,4.0,2,27,252991,49,76.83999932,3,0,0.019368277922930065,0.0,1.5681632514285715,0.0,0,0.0,0.3037262168219423,0.0,0,Paid
campaign_c,4.0,2,27,56265,9,15.53999972,1,0,0.015995734470807786,0.0,1.7266666355555556,0.0,0,0.0,0.27619301021949705,0.0,0,Paid
campaign_c,4.0,2,29,76923,11,17.67000008,2,2,0.014300014300014301,1.0,1.6063636436363637,8.83500004,200,11.318619077221872,0.22971023075023075,2.6000026000026,0,Paid
campaign_c,4.0,2,29,209332,30,49.60000014,3,1,0.014331301473257792,0.3333333333333333,1.653333338,49.60000014,100,2.016129026567378,0.2369441850266562,0.47771004910859305,0,Paid
campaign_c,4.0,2,29,214094,31,53.26999903,1,0,0.014479621101011706,0.0,1.718387065483871,0.0,0,0.0,0.24881593613085842,0.0,0,Paid
campaign_c,4.0,2,29,526209,85,126.9299996,3,2,0.016153277500004753,0.6666666666666666,1.4932941129411765,63.4649998,200,1.5756716349977835,0.2412159419546226,0.3800771176471706,0,Paid
campaign_c,4.0,2,29,741143,120,179.620001,4,1,0.01619120736484052,0.25,1.4968333416666666,179.620001,100,0.5567308731949067,0.24235539025532185,0.1349267280403377,0,Paid
campaign_c,4.0,2,29,172827,25,38.42000043,2,0,0.01446533238440753,0.0,1.5368000172,0.0,0,0.0,0.22230323057161208,0.0,0,Paid
campaign_c,4.0,2,30,188873,38,58.5999999,1,1,0.02011933945031847,1.0,1.5421052605263157,58.5999999,100,1.706484644550315,0.31026139204650743,0.5294563013241702,0,Paid
campaign_c,4.0,2,30,123126,25,39.72999978,2,1,0.0203044036190569,0.5,1.5891999912,39.72999978,100,2.516989694279832,0.32267758052726475,0.8121761447622761,0,Paid
campaign_c,4.0,2,31,77794,14,19.11000001,1,1,0.017996246497159165,1.0,1.3650000007142857,19.11000001,100,5.232862372981233,0.2456487648147672,1.2854461783685118,0,Paid
campaign_c,4.0,2,32,56630,9,15.81000018,1,1,0.015892636411795866,1.0,1.7566666866666667,15.81000018,100,6.3251106174244205,0.2791806494790747,1.7658484901995408,0,Paid
campaign_c,4.0,2,32,400844,85,140.9700022,4,2,0.02120525690792428,0.5,1.6584706141176473,70.4850011,200,1.418741554080787,0.3516829544660766,0.4989472213629242,0,Paid
campaign_c,4.0,2,32,208572,36,60.76000023,2,1,0.017260226684310456,0.5,1.6877777841666668,60.76000023,100,1.6458196119397874,0.2913142714745987,0.4794507412308459,0,Paid
campaign_c,4.0,2,36,59004,8,13.51000011,1,0,0.013558402820147787,0.0,1.68875001375,0.0,0,0.0,0.22896752948952612,0.0,0,Paid
campaign_c,4.0,2,36,196253,32,55.10000002,1,0,0.01630548322828186,0.0,1.721875000625,0.0,0,0.0,0.28076003943888755,0.0,0,Paid
campaign_c,4.0,2,63,51858,8,12.63000011,1,1,0.01542674225770373,1.0,1.57875001375,12.63000011,100,7.917656304755171,0.24354969551467467,1.9283427822129662,0,Paid
campaign_c,4.0,2,63,280764,49,81.36000025,2,1,0.01745237993474947,0.5,1.6604081683673468,81.36000025,100,1.2291052076293474,0.28978074201108406,0.35617101907651977,0,Paid
campaign_c,4.0,2,64,63660,11,16.47000003,1,1,0.017279296261388626,1.0,1.4972727300000002,16.47000003,100,6.071645404848247,0.25871819085768144,1.5708451146716933,0,Paid
campaign_c,4.0,2,64,109289,19,31.02999997,1,0,0.017385098225804977,0.0,1.6331578931578947,0.0,0,0.0,0.28392610390798706,0.0,0,Paid
campaign_c,4.0,2,65,188440,40,60.72999966,2,1,0.021226915729144556,0.5,1.5182499914999998,60.72999966,100,1.6466326454776075,0.32227764625344935,0.5306728932286139,0,Paid
campaign_c,4.0,2,2,212496,44,74.83000135,2,1,0.0207062721180634,0.5,1.7006818488636364,74.83000135,100,1.336362397379537,0.3521478114882163,0.47059709359234997,0,Paid
campaign_c,4.0,2,2,32574,5,7.480000019,1,0,0.015349665377294775,0.0,1.4960000038,0.0,0,0.0,0.22963099462761713,0.0,0,Paid
campaign_c,4.0,2,2,128595,23,36.4800005,1,1,0.01788560986041448,1.0,1.5860869782608698,36.4800005,100,2.7412280326037823,0.2836813289785762,0.7776352113223687,0,Paid
campaign_c,4.0,2,7,242234,48,68.06000054,2,0,0.01981555025306109,0.0,1.4179166779166668,0.0,0,0.0,0.2809679918591115,0.0,0,Paid
campaign_c,4.0,2,66,33154,5,7.879999995,1,1,0.015081136514447728,1.0,1.575999999,7.879999995,100,12.690355338001494,0.23767871131688487,3.0162273028895457,0,Paid
campaign_c,4.0,2,66,9773,1,1.460000038,1,0,0.010232272587741738,0.0,1.460000038,0.0,0,0.0,0.14939118366929297,0.0,0,Paid
campaign_c,4.5,2,10,464036,77,123.5500004,3,1,0.016593540156367177,0.3333333333333333,1.6045454597402597,123.5500004,100,0.8093889087514725,0.2662508951891664,0.21550052151126206,0,Paid
campaign_c,4.5,2,10,478480,75,135.7500012,3,1,0.015674636348436716,0.3333333333333333,1.8100000160000003,135.7500012,100,0.7366482439485974,0.2837109204146464,0.20899515131248955,0,Paid
campaign_c,4.5,2,10,428812,66,116.8800001,4,2,0.015391360316409055,0.5,1.7709090924242425,58.44000005,200,1.7111567404935346,0.27256699929106465,0.4664048580730017,0,Paid
campaign_c,4.5,2,10,1177535,221,365.6600009,15,3,0.018768019634235925,0.2,1.6545701398190045,121.88666696666667,300,0.8204342811945773,0.31053004870343554,0.25476949729732024,0,Paid
campaign_c,4.5,2,10,426500,72,128.2799988,4,1,0.016881594372801876,0.25,1.7816666499999998,128.2799988,100,0.7795447531606932,0.30077373692848763,0.23446658851113716,0,Paid
campaign_c,4.5,2,15,54237,7,10.77999985,2,1,0.012906318564817377,0.5,1.5399999785714285,10.77999985,100,9.27643797694487,0.19875730313254789,1.8437597949739108,0,Paid
campaign_c,4.5,2,15,506916,89,133.6999986,2,2,0.01755714950800527,1.0,1.5022471752808988,66.8499993,200,1.4958863283039707,0.2637517825438534,0.3945426855731522,0,Paid
campaign_c,4.5,2,15,250960,42,64.87999952,2,0,0.01673573477845075,0.0,1.5447618933333334,0.0,0,0.0,0.2585272534268409,0.0,0,Paid
campaign_c,4.5,2,16,2286228,353,603.380002,16,7,0.015440279797115599,0.4375,1.7092917903682718,86.19714314285714,700,1.1601312567200397,0.26391943498198783,0.3061811857784963,0,Paid
campaign_c,4.5,2,16,915451,125,220.559999,6,1,0.013654471948799008,0.16666666666666666,1.764479992,220.559999,100,0.4533913694840015,0.24093042554981098,0.10923577559039206,0,Paid
campaign_c,4.5,2,16,159478,20,33.89999998,3,1,0.01254091473432072,0.3333333333333333,1.6949999989999998,33.89999998,100,2.9498525091149577,0.21256850462132706,0.627045736716036,0,Paid
campaign_c,4.5,2,16,1228924,190,318.9700032,6,3,0.015460679423625872,0.5,1.6787894905263159,106.32333440000001,300,0.9405273128830692,0.2595522613277957,0.24411599089935584,0,Paid
campaign_c,4.5,2,16,938283,134,248.6400001,7,2,0.014281405503456846,0.2857142857142857,1.8555223888059702,124.32000005,200,0.8043758040522941,0.2649946765528098,0.21315530602174398,0,Paid
campaign_c,4.5,2,18,154572,26,40.93000007,1,1,0.016820640219444658,1.0,1.5742307719230768,40.93000007,100,2.4431956957971246,0.26479569436896716,0.6469477007478716,0,Paid
campaign_c,4.5,2,18,378171,70,109.2500008,1,0,0.018510144881548295,0.0,1.5607142971428571,0.0,0,0.0,0.288890477588181,0.0,0,Paid
campaign_c,4.5,2,18,468749,84,134.1199975,6,1,0.01792003822941489,0.16666666666666666,1.596666636904762,134.1199975,100,0.7456009682672413,0.28612327172964636,0.21333378844541537,0,Paid
campaign_c,4.5,2,19,309823,60,103.3899996,4,4,0.019365896011593716,1.0,1.72316666,25.8474999,400,3.868846131613681,0.33370666348205263,1.2910597341062477,0,Paid
campaign_c,4.5,2,19,327227,65,116.5599996,5,0,0.0198638865374801,0.0,1.793230763076923,0.0,0,0.0,0.35620532413278855,0.0,0,Paid
campaign_c,4.5,2,19,334945,72,120.2999994,2,1,0.021496066518383615,0.5,1.670833325,120.2999994,100,0.8312551994908821,0.3591634429533207,0.2985564794219947,0,Paid
campaign_c,4.5,2,19,68859,15,25.45999968,1,0,0.02178364483945454,0.0,1.697333312,0.0,0,0.0,0.3697410604278308,0.0,0,Paid
campaign_c,4.5,2,20,127125,20,35.67999983,2,0,0.015732546705998034,0.0,1.7839999915,0.0,0,0.0,0.28066863189773844,0.0,0,Paid
campaign_c,4.5,2,20,415798,80,131.7800006,3,1,0.01924011178504947,0.3333333333333333,1.6472500074999998,131.7800006,100,0.7588404882736053,0.31693274282223577,0.2405013973131184,0,Paid
campaign_c,4.5,2,20,107671,20,29.91000021,1,1,0.018575103788392416,1.0,1.4955000105,29.91000021,100,3.34336340013018,0.27779067910579447,0.9287551894196209,0,Paid
campaign_c,4.5,2,20,164356,28,46.7900002,2,1,0.017036189734478815,0.5,1.6710714357142857,46.7900002,100,2.137208796164955,0.28468690038696487,0.6084353476599577,0,Paid
campaign_c,4.5,2,20,17662,2,3.189999938,1,0,0.011323745895142113,0.0,1.594999969,0.0,0,0.0,0.18061374351715548,0.0,0,Paid
campaign_c,4.5,2,21,65339,10,16.67999983,2,0,0.01530479499227108,0.0,1.667999983,0.0,0,0.0,0.25528397786926643,0.0,0,Paid
campaign_c,4.5,2,21,59838,7,11.11000013,1,0,0.011698251946923359,0.0,1.5871428757142856,0.0,0,0.0,0.1856679723587018,0.0,0,Paid
campaign_c,4.5,2,21,381577,81,127.5699993,2,0,0.021227694541337657,0.0,1.5749382629629631,0.0,0,0.0,0.33432308367642705,0.0,0,Paid
campaign_c,4.5,2,22,45491,8,11.00999999,1,0,0.017585896111318722,0.0,1.37624999875,0.0,0,0.0,0.24202589501220023,0.0,0,Paid
campaign_c,4.5,2,23,18946,2,3.599999905,1,0,0.010556317956296843,0.0,1.7999999525,0.0,0,0.0,0.19001371819909216,0.0,0,Paid
campaign_c,4.5,2,23,114370,18,33.65999997,1,0,0.01573839293521028,0.0,1.8699999983333333,0.0,0,0.0,0.2943079476261257,0.0,0,Paid
campaign_c,4.5,2,23,99698,21,33.3499999,1,0,0.021063612108567876,0.0,1.5880952333333334,0.0,0,0.0,0.33451021986398927,0.0,0,Paid
campaign_c,4.5,2,24,355165,81,128.6099997,4,3,0.022806301296580463,0.75,1.5877777740740742,42.8699999,300,2.3326335487115313,0.362113383075472,0.8446778257992763,0,Paid
campaign_c,4.5,2,25,101431,23,33.93000031,1,1,0.022675513403200207,1.0,1.4752174047826085,33.93000031,100,2.9472442996273,0.3345131203478226,0.9858918870956611,0,Paid
campaign_c,4.5,2,25,123151,24,36.4400003,2,1,0.0194882704971945,0.5,1.5183333458333335,36.4400003,100,2.7442370794931086,0.29589690948510367,0.8120112707164375,0,Paid
campaign_c,4.5,2,26,24078,4,5.769999981,1,0,0.016612675471384668,0.0,1.44249999525,0.0,0,0.0,0.2396378428856217,0.0,0,Paid
campaign_c,4.5,2,27,517801,105,181.7200011,3,0,0.020278060490420066,0.0,1.7306666771428572,0.0,0,0.0,0.3509456356785715,0.0,0,Paid
campaign_c,4.5,2,27,145104,25,41.42000008,2,1,0.017229021942882346,0.5,1.6568000032,41.42000008,100,2.4142926076015594,0.2854504361010034,0.6891608777152939,0,Paid
campaign_c,4.5,2,27,179950,35,58.67999971,1,0,0.019449847179772158,0.0,1.6765714202857143,0.0,0,0.0,0.32609057910530703,0.0,0,Paid
campaign_c,4.5,2,27,258531,46,80.33999979,2,0,0.01779283722261547,0.0,1.7465217345652173,0.0,0,0.0,0.31075576928878934,0.0,0,Paid
campaign_c,4.5,2,27,272500,62,104.4599996,3,0,0.022752293577981652,0.0,1.6848387032258065,0.0,0,0.0,0.38333944807339454,0.0,0,Paid
campaign_c,4.5,2,28,273197,57,87.7300005,3,0,0.02086406512516609,0.0,1.5391228157894736,0.0,0,0.0,0.3211235866426059,0.0,0,Paid
campaign_c,4.5,2,28,775904,172,253.990002,4,2,0.02216769084835237,0.5,1.476686058139535,126.995001,200,0.7874325698851721,0.3273472001690931,0.2577638470738648,0,Paid
campaign_c,4.5,2,28,120251,26,39.44000006,1,0,0.021621441817531666,0.0,1.5169230792307693,0.0,0,0.0,0.3279806409925905,0.0,0,Paid
campaign_c,4.5,2,28,139406,24,39.04999948,1,0,0.017215901754587322,0.0,1.6270833116666665,0.0,0,0.0,0.28011706440181916,0.0,0,Paid
campaign_c,4.5,2,28,60314,11,16.93999958,2,1,0.018237888384123088,0.5,1.5399999618181817,16.93999958,100,5.90318786772957,0.28086347415193813,1.6579898531020991,0,Paid
campaign_c,4.5,2,29,563074,86,142.7099985,4,2,0.015273303331356092,0.5,1.6594185872093024,71.35499925,200,1.401443501521724,0.2534480343613806,0.35519310072921145,0,Paid
campaign_c,4.5,2,29,168655,18,27.29999983,2,0,0.010672674987400314,0.0,1.5166666572222223,0.0,0,0.0,0.16186890296759657,0.0,0,Paid
campaign_c,4.5,2,29,111963,17,29.3799994,2,1,0.015183587435134822,0.5,1.7282352588235295,29.3799994,100,3.4036760395577135,0.26240811160829913,0.8931522020667542,0,Paid
campaign_c,4.5,2,29,1026304,168,277.5799986,17,8,0.016369418807682716,0.47058823529411764,1.6522618964285716,34.697499825,800,2.8820520355748713,0.2704656696261537,0.7794961336991768,0,Paid
campaign_c,4.5,2,29,1391924,258,422.8400038,17,10,0.018535494754023926,0.5882352941176471,1.6389147434108526,42.284000379999995,1000,2.3649607203981393,0.30378095628784324,0.7184300292257336,0,Paid
campaign_c,4.5,2,29,147551,22,38.50000083,1,0,0.014910098881064853,0.0,1.7500000377272726,0.0,0,0.0,0.26092673604380856,0.0,0,Paid
campaign_c,4.5,2,31,66794,9,17.3299998,1,1,0.013474264155463066,1.0,1.9255555333333332,17.3299998,100,5.770340516680214,0.259454439021469,1.4971404617181185,0,Paid
campaign_c,4.5,2,31,118882,19,32.30999994,2,1,0.015982234484614995,0.5,1.7005263126315788,32.30999994,100,3.0950170283411027,0.271782102757356,0.8411702360323683,0,Paid
campaign_c,4.5,2,31,148010,24,41.96999943,1,0,0.016215120599959464,0.0,1.74874997625,0.0,0,0.0,0.2835619176407,0.0,0,Paid
campaign_c,4.5,2,32,932890,197,352.4499989,3,1,0.021117173514562274,0.3333333333333333,1.7890862888324874,352.4499989,100,0.2837281892810356,0.37780445593799916,0.1071937741855953,0,Paid
campaign_c,4.5,2,32,718359,147,264.5899997,4,1,0.020463305951481086,0.25,1.7999319707482995,264.5899997,100,0.3779432333549377,0.36832558609274757,0.13920616293524546,0,Paid
campaign_c,4.5,2,32,433658,82,158.5999998,5,2,0.018908909786052603,0.4,1.9341463390243903,79.2999999,200,1.2610340495095007,0.3657259863763611,0.46119292161103914,0,Paid
campaign_c,4.5,2,32,29455,3,4.769999981,1,0,0.010185028008827025,0.0,1.5899999936666667,0.0,0,0.0,0.1619419446952979,0.0,0,Paid
campaign_c,4.5,2,36,23973,3,4.820000052,1,1,0.012514078338130395,1.0,1.6066666840000001,4.820000052,100,20.746887742979634,0.20105952746840194,4.171359446043466,0,Paid
campaign_c,4.5,2,63,126480,25,37.25999999,1,1,0.019765970904490827,1.0,1.4903999996,37.25999999,100,2.68384326427371,0.2945920302814674,0.7906388361796332,0,Paid
campaign_c,4.5,2,63,138959,28,39.5200007,1,0,0.020149828366640518,0.0,1.4114285964285713,0.0,0,0.0,0.2844004396980404,0.0,0,Paid
campaign_c,4.5,2,63,68829,12,19.47999978,1,0,0.017434511615743366,0.0,1.623333315,0.0,0,0.0,0.2830202353659068,0.0,0,Paid
campaign_c,4.5,2,64,49916,10,16.38,1,1,0.020033656542992228,1.0,1.638,16.38,100,6.1050061050061055,0.3281512941742127,2.003365654299223,0,Paid
campaign_c,4.5,2,65,76014,16,22.67000031,1,1,0.021048754176862156,1.0,1.416875019375,22.67000031,100,4.411115952031498,0.2982345398216118,1.3155471360538848,0,Paid
campaign_c,4.5,2,2,50947,10,15.99000025,1,0,0.019628241113313835,0.0,1.599000025,0.0,0,0.0,0.3138555803089485,0.0,0,Paid
campaign_c,4.5,2,66,55536,11,17.04999995,1,0,0.019806972054163065,0.0,1.5499999954545454,0.0,0,0.0,0.3070080659392106,0.0,0,Paid
campaign_c,3.0,1,10,318042,46,64.40999997,8,4,0.014463498531640476,0.5,1.400217390652174,16.1024999925,400,6.210215807891732,0.20252042173675175,1.2576955244904762,0,Paid
campaign_c,3.0,1,10,213016,30,44.21999955,8,2,0.01408344913058174,0.25,1.4739999849999998,22.109999775,200,4.522840389762058,0.20759003807225745,0.9388966087054493,0,Paid
campaign_c,3.0,1,15,182265,27,38.18000007,2,1,0.014813595588840425,0.5,1.4140740766666666,38.18000007,100,2.619172336738029,0.20947521504402927,0.5486516884755713,0,Paid
campaign_c,3.0,1,15,1117371,177,268.050002,26,5,0.015840754771691768,0.19230769230769232,1.514406790960452,53.610000400000004,500,1.8653236197327094,0.23989346600189193,0.4474789483528748,0,Paid
campaign_c,3.0,1,15,333345,52,77.59000027,5,1,0.015599454019109331,0.2,1.4921153898076924,77.59000027,100,1.288825875138768,0.23276185414510495,0.29998950036748717,0,Paid
campaign_c,3.0,1,16,275930,30,46.77999997,5,2,0.010872322690537456,0.4,1.5593333323333334,23.389999985,200,4.275331340920478,0.16953575171239083,0.7248215127024971,0,Paid
campaign_c,3.0,1,16,740631,101,153.1199975,9,1,0.013637020324561084,0.1111111111111111,1.5160395792079209,153.1199975,100,0.6530825602971944,0.20674262554497452,0.13502000321347607,0,Paid
campaign_c,3.0,1,16,328272,35,55.99000025,2,1,0.010661890139883999,0.5,1.5997142928571428,55.99000025,100,1.7860332122431093,0.17055978045645073,0.30462543256811425,0,Paid
campaign_c,3.0,1,16,178455,20,31.5400002,6,3,0.011207307164271105,0.5,1.5770000100000001,10.5133334,300,9.511731074751228,0.17673923510128606,1.6810960746406658,0,Paid
campaign_c,3.0,1,16,705712,98,147.339999,6,1,0.013886684653229646,0.16666666666666666,1.5034693775510204,147.339999,100,0.6787023257683068,0.20878205131838484,0.14170086380846578,0,Paid
campaign_c,3.0,1,18,690373,91,159.5700021,5,2,0.01318128026443676,0.4,1.7535165065934066,79.78500105,200,1.2533684111545174,0.23113592521723766,0.2896984673502585,0,Paid
campaign_c,3.0,1,18,515812,69,117.6299995,3,1,0.013376966801858042,0.3333333333333333,1.7047826014492753,117.6299995,100,0.8501232714873896,0.22804820263972145,0.19386908408489914,0,Paid
campaign_c,3.0,1,18,764793,101,171.9799976,4,2,0.013206187818141642,0.5,1.7027722534653464,85.9899988,200,1.1629259378475536,0.22487130190783647,0.26150866966617115,0,Paid
campaign_c,3.0,1,19,87832,11,18.10000038,1,1,0.012523909281355314,1.0,1.64545458,18.10000038,100,5.524861762461465,0.20607523886510612,1.1385372073959377,0,Paid
campaign_c,3.0,1,19,23368,3,4.300000191,1,0,0.01283806915439918,0.0,1.433333397,0.0,0,0.0,0.1840123327199589,0.0,0,Paid
campaign_c,3.0,1,19,51509,7,11.57000005,1,0,0.013589858083053446,0.0,1.6528571500000002,0.0,0,0.0,0.22462094100060184,0.0,0,Paid
campaign_c,3.0,1,19,87043,16,24.48000002,2,0,0.018381719380076513,0.0,1.53000000125,0.0,0,0.0,0.28124030674494216,0.0,0,Paid
campaign_c,3.0,1,19,565565,113,169.6699982,7,4,0.01998001998001998,0.5714285714285714,1.5015044088495575,42.41749955,400,2.3575175590471598,0.3000008808890225,0.707257344425486,0,Paid
campaign_c,3.0,1,20,253758,43,62.14000034,4,1,0.016945278572498206,0.25,1.4451162869767442,62.14000034,100,1.609269382891027,0.2448789805247519,0.3940762458720513,0,Paid
campaign_c,3.0,1,20,319131,51,76.68000025,6,1,0.01598089812647471,0.16666666666666666,1.5035294166666668,76.68000025,100,1.3041210181790523,0.24027750437907947,0.3133509436563668,0,Paid
campaign_c,3.0,1,20,670608,130,195.1499978,11,3,0.019385393553312813,0.2727272727272727,1.5011538292307691,65.04999926666666,300,1.5372790334717596,0.29100457763701,0.4473552358456804,0,Paid
campaign_c,3.0,1,21,159123,25,38.36000013,5,3,0.015711116557631518,0.6,1.5344000052000002,12.78666671,300,7.820646480274138,0.2410713732772761,1.8853339869157821,0,Paid
campaign_c,3.0,1,21,103709,15,24.56999969,3,1,0.014463547040276158,0.3333333333333333,1.6379999793333333,24.56999969,100,4.070004121355363,0.2369128975305904,0.9642364693517438,0,Paid
campaign_c,3.0,1,21,271589,45,74.41000032,9,3,0.01656915412627168,0.3333333333333333,1.6535555626666665,24.80333344,300,4.031716149843446,0.2739801697417789,1.1046102750847788,0,Paid
campaign_c,3.0,1,21,119772,20,33.46999907,5,2,0.016698393614534283,0.4,1.6734999535,16.734999535,200,5.975500614198254,0.27944760937447816,1.6698393614534282,0,Paid
campaign_c,3.0,1,22,26340,3,4.220000029,1,1,0.011389521640091117,1.0,1.4066666763333335,4.220000029,100,23.696682301610476,0.16021260550493546,3.7965072133637054,0,Paid
campaign_c,3.0,1,22,594968,111,147.6700006,4,0,0.018656465557811513,0.0,1.3303603657657659,0.0,0,0.0,0.24819822343386536,0.0,0,Paid
campaign_c,3.0,1,23,6838,0,0.0,1,0,0.0,0.0,0.0,0.0,0,0.0,0.0,0.0,0,Free
campaign_c,3.0,1,24,185665,39,62.14000058,1,0,0.021005574556324565,0.0,1.5933333482051282,0.0,0,0.0,0.3346888243880106,0.0,0,Paid
campaign_c,3.0,1,24,24959,3,4.560000062,1,1,0.012019712328218277,1.0,1.5200000206666668,4.560000062,100,21.929824263234845,0.1826996298729917,4.006570776072759,0,Paid
campaign_c,3.0,1,24,136967,23,35.05999982,3,1,0.016792366044375652,0.3333333333333333,1.5243478182608696,35.05999982,100,2.8522532947348997,0.2559740654318194,0.7301028714945935,0,Paid
campaign_c,3.0,1,24,107548,19,29.31000018,1,0,0.017666530293450364,0.0,1.5426315884210526,0.0,0,0.0,0.27252947688473983,0.0,0,Paid
campaign_c,3.0,1,25,588617,119,169.9199973,2,0,0.020216881265746656,0.0,1.42789913697479,0.0,0,0.0,0.2886766731168145,0.0,0,Paid
campaign_c,3.0,1,26,190560,26,41.63,3,1,0.01364399664147775,0.3333333333333333,1.6011538461538461,41.63,100,2.402113860196973,0.21846137699412257,0.5247691015952981,0,Paid
campaign_c,3.0,1,26,373110,49,75.70000076,4,2,0.013132856262228296,0.5,1.5448979746938774,37.85000038,200,2.642007899498996,0.20288923041462303,0.5360349494787061,0,Paid
campaign_c,3.0,1,27,935646,170,256.4699982,19,6,0.018169264871543297,0.3157894736842105,1.5086470482352943,42.7449997,600,2.3394549234258153,0.2741100781705902,0.6412681719368223,0,Paid
campaign_c,3.0,1,27,2223278,421,612.3000032,38,13,0.0189360035047349,0.34210526315789475,1.4543943068883611,47.10000024615385,1300,2.1231422394348276,0.27540415692504494,0.5847221984835005,0,Paid
campaign_c,3.0,1,27,240497,36,51.84000087,1,0,0.014969001692328803,0.0,1.4400000241666666,0.0,0,0.0,0.2155536279870435,0.0,0,Paid
campaign_c,3.0,1,27,259984,37,54.7900002,5,0,0.014231645024309188,0.0,1.4808108162162164,0.0,0,0.0,0.2107437388454674,0.0,0,Paid
campaign_c,3.0,1,28,606786,127,179.050001,11,3,0.020929948944108795,0.2727272727272727,1.4098425275590551,59.68333366666667,300,1.6755096248226213,0.2950793212104432,0.49440824277422357,0,Paid
campaign_c,3.0,1,28,83270,13,17.74000001,1,0,0.015611865017413235,0.0,1.3646153853846152,0.0,0,0.0,0.21304191197309955,0.0,0,Paid
campaign_c,3.0,1,28,1189509,268,375.7199963,7,3,0.02253030452060472,0.42857142857142855,1.4019402847014926,125.23999876666666,300,0.7984669513316505,0.31586141534027906,0.2522049013500528,0,Paid
campaign_c,3.0,1,28,11471,1,1.570000052,0,0,0.00871763577717723,0.0,1.570000052,0.0,0,0.0,0.1368668862348531,0.0,0,Paid
campaign_c,3.0,1,29,1705246,295,429.4799981,23,10,0.017299556779491056,0.43478260869565216,1.4558644003389831,42.94799981,1000,2.3283971417154574,0.2518580885690393,0.5864256535420695,0,Paid
campaign_c,3.0,1,29,418016,63,95.8500005,3,1,0.01507119344714078,0.3333333333333333,1.5214285793650792,95.8500005,100,1.043296812502364,0.2292974443561969,0.2392252928117584,0,Paid
campaign_c,3.0,1,29,30155,3,3.819999933,1,0,0.00994859890565412,0.0,1.273333311,0.0,0,0.0,0.12667882384347537,0.0,0,Paid
campaign_c,3.0,1,29,990404,153,226.5399992,12,6,0.015448241323742635,0.5,1.4806535895424837,37.75666653333334,600,2.64853889873237,0.22873493968118064,0.6058133852448092,0,Paid
campaign_c,3.0,1,30,187468,34,50.72000062,2,1,0.01813642861715066,0.5,1.491764724117647,50.72000062,100,1.9716088087066745,0.27055284432543153,0.5334243710926665,0,Paid
campaign_c,3.0,1,30,208301,33,54.57000089,1,0,0.01584245874959794,0.0,1.6536363906060607,0.0,0,0.0,0.2619766630501054,0.0,0,Paid
campaign_c,3.0,1,30,101856,16,25.22000039,4,1,0.015708451146716932,0.25,1.576250024375,25.22000039,100,3.9651069965744754,0.24760446502906064,0.9817781966698083,0,Paid
campaign_c,3.0,1,31,48935,7,9.970000267,1,1,0.014304689894758353,1.0,1.4242857524285715,9.970000267,100,10.030090002203208,0.2037396601001328,2.0435271278226215,0,Paid
campaign_c,3.0,1,31,13911,1,1.730000019,1,1,0.007188555819135935,1.0,1.730000019,1.730000019,100,57.80346757325672,0.1243620170368773,7.188555819135935,0,Paid
campaign_c,3.0,1,32,511726,77,123.0900019,8,4,0.01504711505766758,0.5,1.5985714532467532,30.772500475,400,3.249654674024341,0.24053888584906769,0.7816683146840302,0,Paid
campaign_c,3.0,1,32,177452,24,37.83000016,2,0,0.013524784166986001,0.0,1.5762500066666665,0.0,0,0.0,0.2131844113337691,0.0,0,Paid
campaign_c,3.0,1,32,149808,20,33.03999937,1,1,0.013350421873331198,1.0,1.6519999684999997,33.03999937,100,3.026634440277836,0.22054896514204847,0.6675210936665599,0,Paid
campaign_c,3.0,1,32,390339,60,105.0199997,9,6,0.015371254217487878,0.6666666666666666,1.7503333283333333,17.503333283333333,600,5.7131975025134185,0.2690481855515334,1.5371254217487877,0,Paid
campaign_c,3.0,1,32,8350,0,0.0,1,0,0.0,0.0,0.0,0.0,0,0.0,0.0,0.0,0,Free
campaign_c,3.0,1,36,39339,4,5.929999948,1,0,0.010168026640229796,0.0,1.482499987,0.0,0,0.0,0.15074099361956328,0.0,0,Paid
campaign_c,3.0,1,63,8587,0,0.0,1,0,0.0,0.0,0.0,0.0,0,0.0,0.0,0.0,0,Free
campaign_c,3.0,1,63,24893,2,3.75,1,0,0.008034387177118065,0.0,1.875,0.0,0,0.0,0.15064475957096374,0.0,0,Paid
campaign_c,3.0,1,63,1296189,212,343.2599944,14,4,0.016355639493931824,0.2857142857142857,1.619150916981132,85.8149986,400,1.1652974611829685,0.26482248684412535,0.3085969715836193,0,Paid
campaign_c,3.0,1,63,91607,12,19.1899997,2,1,0.01309943563264816,0.5,1.5991666416666668,19.1899997,100,5.211047501996574,0.20948180488390628,1.0916196360540134,0,Paid
campaign_c,3.0,1,64,238036,38,61.02999771,6,3,0.015963971836192845,0.5,1.6060525713157896,20.34333257,300,4.915615455624437,0.25638978015930364,1.2603135660152245,0,Paid
campaign_c,3.0,1,64,254344,35,56.16999996,2,1,0.013760890762117449,0.5,1.6048571417142856,56.16999996,100,1.78030977516846,0.22084263815934324,0.3931683074890699,0,Paid
campaign_c,3.0,1,64,157705,23,39.23000026,2,0,0.01458419200405821,0.0,1.7056521852173911,0.0,0,0.0,0.2487555896135189,0.0,0,Paid
campaign_c,3.0,1,64,411571,60,99.1799984,6,1,0.01457828661397426,0.16666666666666666,1.6529999733333334,99.1799984,100,1.0082678121922615,0.24097907384145142,0.24297144356623768,0,Paid
campaign_c,3.0,1,64,94136,11,16.17999971,1,0,0.011685221381830542,0.0,1.4709090645454546,0.0,0,0.0,0.17187898051754907,0.0,0,Paid
campaign_c,3.0,1,65,82640,16,23.97000039,1,1,0.019361084220716362,1.0,1.498125024375,23.97000039,100,4.171881450686952,0.2900532477008712,1.2100677637947725,0,Paid
campaign_c,3.0,1,65,17870,2,2.620000005,1,1,0.01119194180190263,1.0,1.3100000025,2.620000005,100,38.16793885845813,0.146614437884723,5.595970900951315,0,Paid
campaign_c,3.0,1,2,19178,2,2.779999971,1,1,0.010428616122640526,1.0,1.3899999855,2.779999971,100,35.97122339682211,0.14495776259255397,5.2143080613202635,0,Paid
campaign_c,3.0,1,2,5264,0,0.0,1,0,0.0,0.0,0.0,0.0,0,0.0,0.0,0.0,0,Free
campaign_c,3.0,1,2,145548,28,42.37000036,2,1,0.01923763981641795,0.5,1.5132142985714285,42.37000036,100,2.3601604708600954,0.29110671640970676,0.6870585648720697,0,Paid
campaign_c,3.0,1,2,82455,15,22.04999971,1,0,0.01819174094960888,0.0,1.4699999806666668,0.0,0,0.0,0.26741858844218064,0.0,0,Paid
campaign_c,3.0,1,7,44189,7,10.31999981,2,0,0.015841046414265994,0.0,1.4742856871428571,0.0,0,0.0,0.23354227997918034,0.0,0,Paid
campaign_c,3.0,1,7,45199,7,9.809999943,1,0,0.015487068297971194,0.0,1.4014285632857142,0.0,0,0.0,0.21704019874333502,0.0,0,Paid
campaign_c,3.0,1,7,221843,43,63.45000076,5,0,0.019383077221278112,0.0,1.4755814130232559,0.0,0,0.0,0.2860130847491244,0.0,0,Paid
campaign_c,3.0,1,66,41672,6,10.54999995,2,1,0.014398157035899407,0.5,1.758333325,10.54999995,100,9.478673030704611,0.25316759334805145,2.3996928393165673,0,Paid
campaign_c,3.5,1,10,127546,25,38.94000041,2,0,0.019600771486365704,0.0,1.5576000164000001,0.0,0,0.0,0.3053016198861587,0.0,0,Paid
campaign_c,3.5,1,10,127865,28,38.02999961,3,1,0.02189809564775349,0.3333333333333333,1.3582142717857142,38.02999961,100,2.629503050894194,0.2974230603370743,0.7820748445626245,0,Paid
campaign_c,3.5,1,10,1025327,229,314.2999983,16,2,0.022334338216003283,0.125,1.3724890755458516,157.14999915,200,0.6363347155003786,0.3065363521101073,0.19505972241050906,0,Paid
campaign_c,3.5,1,10,561415,124,173.76,3,0,0.022087047905738177,0.0,1.401290322580645,0.0,0,0.0,0.30950366484686015,0.0,0,Paid
campaign_c,3.5,1,15,132803,25,37.32000124,2,1,0.01882487594406753,0.5,1.4928000496000002,37.32000124,100,2.679528313970656,0.2810177574301786,0.7529950377627012,0,Paid
campaign_c,3.5,1,15,24664,2,2.629999995,1,1,0.00810898475510866,1.0,1.3149999975,2.629999995,100,38.022813760499645,0.10663314932695427,4.054492377554331,0,Paid
campaign_c,3.5,1,16,1020561,172,263.8100007,7,3,0.01685347568641169,0.42857142857142855,1.5337790738372092,87.93666689999999,300,1.1371820598308349,0.2584950832924245,0.29395597127462253,0,Paid
campaign_c,3.5,1,16,682143,114,177.1099993,6,2,0.016712038384913426,0.3333333333333333,1.5535964850877193,88.55499965,200,1.1292417186520762,0.25963764093452546,0.29319365587567414,0,Paid
campaign_c,3.5,1,16,1247717,222,343.4199994,11,4,0.017792496215087238,0.36363636363636365,1.5469369342342343,85.85499985,400,1.1647545300182072,0.2752386954734127,0.3205855173889592,0,Paid
campaign_c,3.5,1,16,146406,23,33.22999942,1,1,0.015709738671912353,1.0,1.4447825834782608,33.22999942,100,3.00932897217607,0.22697156824173872,0.6830321161701023,0,Paid
campaign_c,3.5,1,16,905699,161,234.6599982,4,1,0.017776325247129566,0.25,1.4575155167701863,234.6599982,100,0.4261484733958376,0.2590926987884496,0.11041195805670538,0,Paid
campaign_c,3.5,1,16,1184580,194,297.8299981,14,3,0.016377112563102533,0.21428571428571427,1.5352061757731958,99.27666603333334,300,1.007286042083885,0.25142244348207804,0.25325431798612164,0,Paid
campaign_c,3.5,1,18,98057,20,31.00999963,1,1,0.020396300111159834,1.0,1.5504999815,31.00999963,100,3.2247662429269113,0.31624462945021775,1.0198150055579918,0,Paid
campaign_c,3.5,1,19,238735,56,84.65999889,4,1,0.02345697111860431,0.25,1.5117856944642856,84.65999889,100,1.1811953852011208,0.3546191337256791,0.41887448426079127,0,Paid
campaign_c,3.5,1,19,320657,77,115.8800026,2,0,0.02401319790305529,0.0,1.5049350987012986,0.0,0,0.0,0.36138304356368334,0.0,0,Paid
campaign_c,3.5,1,21,244074,57,84.51000023,4,2,0.023353573096683792,0.5,1.4826315829824561,42.255000115,200,2.366583829791572,0.34624745048632793,0.8194236174275015,0,Paid
campaign_c,3.5,1,21,39146,8,13.05999959,1,0,0.020436315332345578,0.0,1.63249994875,0.0,0,0.0,0.33362283732692993,0.0,0,Paid
campaign_c,3.5,1,22,78468,15,23.64999962,1,0,0.0191160727940052,0.0,1.5766666413333332,0.0,0,0.0,0.3013967428760768,0.0,0,Paid
campaign_c,3.5,1,22,325653,63,89.35000026,2,0,0.01934574531786902,0.0,1.4182539723809524,0.0,0,0.0,0.2743718014573795,0.0,0,Paid
campaign_c,3.5,1,22,66277,12,17.30000019,1,0,0.01810582856797984,0.0,1.4416666825,0.0,0,0.0,0.2610256980551322,0.0,0,Paid
campaign_c,3.5,1,22,93002,16,23.33999968,1,0,0.017203931098255954,0.0,1.45874998,0.0,0,0.0,0.25096234145502244,0.0,0,Paid
campaign_c,3.5,1,24,109723,27,40.9600004,1,0,0.024607420504360978,0.0,1.517037051851852,0.0,0,0.0,0.37330368655614593,0.0,0,Paid
campaign_c,3.5,1,24,118941,35,50.11000001,4,1,0.029426354242859908,0.25,1.431714286,50.11000001,100,1.9956096583525025,0.4213013175439924,0.8407529783674259,0,Paid
campaign_c,3.5,1,25,221576,47,66.79000068,6,1,0.02121168357583854,0.16666666666666666,1.4210638442553192,66.79000068,100,1.4972301090265536,0.3014315660540853,0.45131241650720294,0,Paid
campaign_c,3.5,1,25,8341,1,1.639999986,1,0,0.011988970147464332,0.0,1.639999986,0.0,0,0.0,0.19661910873995925,0.0,0,Paid
campaign_c,3.5,1,25,120335,26,36.2299993,2,0,0.021606348942535422,0.0,1.3934615115384617,0.0,0,0.0,0.3010761565629285,0.0,0,Paid
campaign_c,3.5,1,26,182098,40,62.86999989,1,1,0.021966194027391844,1.0,1.57174999725,62.86999989,100,1.5905837470170863,0.34525365402146097,0.5491548506847961,0,Paid
campaign_c,3.5,1,26,227473,52,71.58000052,1,1,0.022859855894985338,1.0,1.3765384715384614,71.58000052,100,1.3970382686999177,0.3146747109327261,0.43961261336510266,0,Paid
campaign_c,3.5,1,27,1050947,230,350.5099957,6,1,0.021885023697674574,0.16666666666666666,1.5239565030434783,350.5099957,100,0.285298568448215,0.33351824183331796,0.09515227694641118,0,Paid
campaign_c,3.5,1,27,720859,162,213.6899986,13,5,0.0224731882379217,0.38461538461538464,1.3190740654320987,42.73799972,500,2.3398380985342007,0.296437997722162,0.6936169209235094,0,Paid
campaign_c,3.5,1,28,41111,8,10.96000016,1,0,0.019459512052735276,0.0,1.37000002,0.0,0,0.0,0.26659531901437566,0.0,0,Paid
campaign_c,3.5,1,29,148616,25,37.39999962,6,4,0.016821876513968888,0.6666666666666666,1.4959999848,9.349999905,400,10.695187274443079,0.2516552700920493,2.691500242235022,0,Paid
campaign_c,3.5,1,29,707260,135,210.8200028,13,6,0.01908774708028165,0.46153846153846156,1.5616296503703704,35.13666713333333,600,2.8460297506456538,0.2980799179933829,0.8483443146791844,0,Paid
campaign_c,3.5,1,29,139596,26,42.41000032,1,1,0.018625175506461505,1.0,1.6311538584615386,42.41000032,100,2.3579344316307704,0.3038052689188802,0.7163529040946732,0,Paid
campaign_c,3.5,1,30,105399,22,33.19999933,2,0,0.020873063311796124,0.0,1.5090908786363635,0.0,0,0.0,0.31499349453030856,0.0,0,Paid
campaign_c,3.5,1,32,222378,50,72.91000104,1,0,0.02248423854877731,0.0,1.4582000207999999,0.0,0,0.0,0.3278651711949923,0.0,0,Paid
campaign_c,3.5,1,63,975792,210,293.8800011,10,4,0.021520979880958236,0.4,1.3994285766666668,73.470000275,400,1.3610997635184097,0.30117074243281355,0.40992342630396644,0,Paid
campaign_c,3.5,1,63,579150,125,167.0499997,5,1,0.021583354916688252,0.2,1.3363999976,167.0499997,100,0.598623167791601,0.28843995458862126,0.172666839333506,0,Paid
campaign_c,3.5,1,63,449588,81,123.800001,5,2,0.018016495102182443,0.4,1.528395074074074,61.9000005,200,1.6155088722495246,0.2753632236625533,0.444851730918085,0,Paid
campaign_c,3.5,1,63,318157,56,85.70000196,3,0,0.01760137290708675,0.0,1.5303571778571428,0.0,0,0.0,0.26936387368500453,0.0,0,Paid
campaign_c,3.5,1,63,196967,43,65.17999971,2,1,0.02183106814847157,0.5,1.5158139467441862,65.17999971,100,1.5342129555833346,0.33091837571775984,0.5076992592667807,0,Paid
campaign_c,3.5,1,64,158298,37,46.43000007,4,1,0.023373637064271185,0.25,1.2548648667567568,46.43000007,100,2.153779880448749,0.29330755960277455,0.6317199206559779,0,Paid
campaign_c,3.5,1,64,222739,55,68.55999959,5,2,0.024692577411230182,0.4,1.2465454470909092,34.279999795,200,2.9171528762548524,0.3078041994890881,0.8979119058629158,0,Paid
campaign_c,3.5,1,2,20780,5,8.189999938,1,0,0.024061597690086624,0.0,1.6379999876,0.0,0,0.0,0.39412896717998075,0.0,0,Paid
campaign_c,3.5,1,7,128616,33,48.54999948,2,0,0.025657771972382906,0.0,1.4712121054545453,0.0,0,0.0,0.3774802472476208,0.0,0,Paid
campaign_c,4.0,1,10,258954,61,82.27999902,1,0,0.023556307297821235,0.0,1.3488524429508197,0.0,0,0.0,0.317739826455664,0.0,0,Paid
campaign_c,4.0,1,10,205289,48,71.53000104,3,0,0.02338167169210235,0.0,1.490208355,0.0,0,0.0,0.34843562509437914,0.0,0,Paid
campaign_c,4.0,1,10,611601,138,191.419996,8,3,0.022563730275130353,0.375,1.387101420289855,63.806665333333335,300,1.5672343865266825,0.31298182311670514,0.49051587554631204,0,Paid
campaign_c,4.0,1,10,947657,233,321.8700004,8,4,0.024586954984767696,0.5,1.3814163107296136,80.4675001,400,1.242737749721642,0.33964820647132876,0.42209364780717074,0,Paid
campaign_c,4.0,1,10,233043,49,65.03000033,2,0,0.02102616255369181,0.0,1.3271428638775509,0.0,0,0.0,0.27904721587861464,0.0,0,Paid
campaign_c,4.0,1,15,582725,142,194.8099988,9,2,0.02436826976704277,0.2222222222222222,1.3719013999999998,97.4049994,200,1.0266413491708313,0.3343086340898365,0.3432150671414475,0,Paid
campaign_c,4.0,1,16,265038,51,78.45999932,2,1,0.019242523713580695,0.5,1.5384313592156862,78.45999932,100,1.274534805846083,0.29603301911424024,0.3773043865407979,0,Paid
campaign_c,4.0,1,16,222273,39,53.62999868,6,1,0.017545990741115652,0.16666666666666666,1.3751281712820513,53.62999868,100,1.8646280526069183,0.24127986161162174,0.449897198490145,0,Paid
campaign_c,4.0,1,16,797234,170,243.7699978,4,1,0.021323726785360386,0.25,1.4339411635294117,243.7699978,100,0.41022275465598745,0.3057696959738295,0.12543368697270815,0,Paid
campaign_c,4.0,1,16,925555,182,262.8899981,4,2,0.019663877349266116,0.5,1.4444505390109892,131.44499905,200,0.7607744739072292,0.2840349823619342,0.21608656427764963,0,Paid
campaign_c,4.0,1,18,22210,3,4.050000191,1,1,0.0135074290859973,1.0,1.3500000636666665,4.050000191,100,24.691356860234777,0.18235030126069335,4.502476361999099,0,Paid
campaign_c,4.0,1,21,46391,11,16.40999985,3,1,0.02371149576426462,0.3333333333333333,1.4918181681818181,16.40999985,100,6.0938452720339304,0.3537324017589618,2.1555905240240567,0,Paid
campaign_c,4.0,1,21,190477,42,66.38999987,1,0,0.022049906287898276,0.0,1.5807142826190475,0.0,0,0.0,0.3485460179969235,0.0,0,Paid
campaign_c,4.0,1,21,25382,7,9.609999895,1,0,0.027578599007170437,0.0,1.3728571278571429,0.0,0,0.0,0.37861476223307855,0.0,0,Paid
campaign_c,4.0,1,22,65726,17,22.12000012,2,0,0.025864954508109425,0.0,1.301176477647059,0.0,0,0.0,0.33654870401363235,0.0,0,Paid
campaign_c,4.0,1,23,195220,51,78.06000042,1,0,0.026124372502817333,0.0,1.5305882435294116,0.0,0,0.0,0.39985657422395243,0.0,0,Paid
campaign_c,4.0,1,23,107501,27,40.87999928,2,2,0.02511604543213552,1.0,1.5140740474074075,20.43999964,200,4.8923679922334875,0.3802755256230175,1.8604478097878159,0,Paid
campaign_c,4.0,1,25,197772,63,88.21000016,7,2,0.031854863175778174,0.2857142857142857,1.4001587326984128,44.10500008,200,2.2673166266549067,0.446018648544789,1.0112654976437514,0,Paid
campaign_c,4.0,1,25,138154,35,48.93999863,1,0,0.025334047512196534,0.0,1.3982856751428572,0.0,0,0.0,0.3542423572969295,0.0,0,Paid
campaign_c,4.0,1,25,270124,69,95.84999895,2,0,0.025543824317720752,0.0,1.3891304195652174,0.0,0,0.0,0.3548370339177563,0.0,0,Paid
campaign_c,4.0,1,26,303971,77,106.9299998,11,6,0.025331363847209108,0.5454545454545454,1.3887012961038963,17.821666633333333,600,5.611147490154583,0.35177697806698666,1.9738725075747359,0,Paid
campaign_c,4.0,1,26,682046,183,254.419997,4,2,0.026831034856886486,0.5,1.3902732076502733,127.2099985,200,0.7861017308321091,0.37302468895059865,0.29323535362717473,0,Paid
campaign_c,4.0,1,26,328365,83,117.3400005,2,1,0.025276749958125868,0.5,1.4137349457831325,117.3400005,100,0.8522243018057597,0.3573462473162487,0.3045391561219984,0,Paid
campaign_c,4.0,1,27,1083259,276,390.2599992,11,0,0.02547867130575421,0.0,1.413985504347826,0.0,0,0.0,0.36026471896379353,0.0,0,Paid
campaign_c,4.0,1,27,913929,245,340.4099993,7,2,0.026807334048925026,0.2857142857142857,1.3894285685714285,170.20499965,200,0.5875268071186768,0.37246875774814014,0.2188353799912247,0,Paid
campaign_c,4.0,1,28,101586,24,33.47000039,2,1,0.023625302699190835,0.5,1.3945833495833335,33.47000039,100,2.9877501892673264,0.3294745377315772,0.9843876124662847,0,Paid
campaign_c,4.0,1,28,181053,46,66.27999985,3,1,0.025406925044047873,0.3333333333333333,1.4408695619565217,66.27999985,100,1.5087507577898704,0.3660806495887944,0.5523244574793016,0,Paid
campaign_c,4.0,1,28,133419,35,48.18000007,2,1,0.0262331452042063,0.5,1.3765714305714285,48.18000007,100,2.075550017739965,0.3611179822214227,0.7495184344058942,0,Paid
campaign_c,4.0,1,29,489573,113,156.1199993,3,2,0.023081338227394076,0.6666666666666666,1.381592914159292,78.05999965,200,1.2810658525284788,0.31889013344281647,0.408519260661842,0,Paid
campaign_c,4.0,1,29,822023,194,288.3300035,6,0,0.023600312886622392,0.0,1.486237131443299,0.0,0,0.0,0.35075661325777985,0.0,0,Paid
campaign_c,4.0,1,30,93176,29,40.37000024,1,1,0.031123894565124068,1.0,1.3920689737931036,40.37000024,100,2.4770869310254926,0.4332660796771701,1.0732377436249676,0,Paid
campaign_c,4.0,1,31,47229,13,19.27999985,1,0,0.027525461051472612,0.0,1.4830769115384614,0.0,0,0.0,0.4082237576489022,0.0,0,Paid
campaign_c,4.0,1,31,92263,24,34.03000015,1,0,0.026012594431137074,0.0,1.4179166729166666,0.0,0,0.0,0.3688369134972849,0.0,0,Paid
campaign_c,4.0,1,31,81551,21,29.67000008,1,0,0.025750757194884184,0.0,1.4128571466666666,0.0,0,0.0,0.36382141334870205,0.0,0,Paid
campaign_c,4.0,1,32,141037,32,47.78999913,3,0,0.022689081588519323,0.0,1.4934374728125,0.0,0,0.0,0.33884724667994925,0.0,0,Paid
campaign_c,4.0,1,32,319501,79,111.6500003,0,0,0.024726057195439136,0.0,1.4132911430379747,0.0,0,0.0,0.3494511763656452,0.0,0,Paid
campaign_c,4.0,1,36,72741,19,24.33000016,2,0,0.0261200698368183,0.0,1.2805263242105263,0.0,0,0.0,0.3344743701626318,0.0,0,Paid
campaign_c,4.0,1,63,597419,135,188.5100002,2,1,0.022597205646288452,0.5,1.3963703718518519,188.5100002,100,0.5304758362628234,0.3155406845112057,0.16738670849102555,0,Paid
campaign_c,4.0,1,63,98768,21,33.14000034,1,1,0.021261947189373076,1.0,1.5780952542857143,33.14000034,100,3.0175014777926825,0.3355337795642313,1.0124736756844324,0,Paid
campaign_c,4.0,1,64,173165,41,59.85000026,1,0,0.023676840008084777,0.0,1.4597561039024392,0.0,0,0.0,0.34562411722923225,0.0,0,Paid
campaign_c,4.0,1,65,55823,13,21.10999966,1,1,0.02328789208749082,1.0,1.6238461276923077,21.10999966,100,4.73709150216064,0.378159533883883,1.7913763144223707,0,Paid
campaign_c,4.0,1,65,118451,28,38.35000062,4,1,0.02363846653890638,0.25,1.3696428792857145,38.35000062,100,2.6075618874396773,0.32376257372246753,0.8442309478180852,0,Paid
campaign_c,4.0,1,2,74424,22,30.84000027,1,1,0.029560356874126625,1.0,1.4018181940909091,30.84000027,100,3.2425421246599746,0.41438246089970976,1.3436525851875738,0,Paid
campaign_c,4.0,1,7,47929,12,14.58999991,1,1,0.02503703394604519,1.0,1.2158333258333334,14.58999991,100,6.854009637893137,0.3044086025162219,2.086419495503766,0,Paid
campaign_c,4.0,1,7,40801,12,15.91999972,0,0,0.029411043846964535,0.0,1.3266666433333334,0.0,0,0.0,0.3901865081738193,0.0,0,Paid
campaign_c,4.0,1,66,66017,17,24.22000015,1,0,0.02575094293893997,0.0,1.4247058911764707,0.0,0,0.0,0.36687520108456917,0.0,0,Paid
campaign_c,4.5,1,10,725043,179,238.4000007,5,3,0.024688190907297913,0.6,1.3318435793296088,79.46666689999999,300,1.2583892580500315,0.32880808545148354,0.41376856269214374,0,Paid
campaign_c,4.5,1,10,382776,97,132.7300007,5,1,0.025341191715259056,0.2,1.3683505226804125,132.7300007,100,0.7534091725503923,0.34675632928919264,0.261249399126382,0,Paid
campaign_c,4.5,1,10,548250,137,201.6000042,5,1,0.02498860009119927,0.2,1.4715328773722627,201.6000042,100,0.49603173569775155,0.3677154659370725,0.1823985408116735,0,Paid
campaign_c,4.5,1,10,1358324,346,465.0799981,8,2,0.025472567664268614,0.25,1.3441618442196532,232.53999905,200,0.4300335443731481,0.34239253528613206,0.14724027551600355,0,Paid
campaign_c,4.5,1,15,662249,163,234.9399992,2,0,0.02461309869852578,0.0,1.4413496883435581,0.0,0,0.0,0.3547608213828937,0.0,0,Paid
campaign_c,4.5,1,15,559554,139,195.0799994,2,0,0.0248412128230698,0.0,1.4034532330935252,0.0,0,0.0,0.3486348045050165,0.0,0,Paid
campaign_c,4.5,1,16,320757,68,104.6899989,2,0,0.021199849106956357,0.0,1.5395588073529414,0.0,0,0.0,0.3263841440716805,0.0,0,Paid
campaign_c,4.5,1,16,906151,202,295.5499957,1,0,0.022292090391115828,0.0,1.4631187905940595,0.0,0,0.0,0.32615976332862845,0.0,0,Paid
campaign_c,4.5,1,16,699314,164,226.0300014,3,0,0.023451553951443844,0.0,1.3782317158536586,0.0,0,0.0,0.32321675441933095,0.0,0,Paid
campaign_c,4.5,1,16,850337,198,287.690003,3,1,0.023284885874659104,0.3333333333333333,1.4529798131313132,287.690003,100,0.3475963674691887,0.3383246912694614,0.11760043371039954,0,Paid
campaign_c,4.5,1,16,1015460,247,315.9000051,9,2,0.02432395170661572,0.2222222222222222,1.2789473890688259,157.95000255,200,0.6331117340016783,0.3110905452701239,0.19695507454749572,0,Paid
campaign_c,4.5,1,18,890295,227,332.9899989,1,0,0.025497166669474727,0.0,1.4669162947136563,0.0,0,0.0,0.37402209256482405,0.0,0,Paid
campaign_c,4.5,1,18,791817,194,282.490001,4,2,0.024500610620888413,0.5,1.4561340257731958,141.2450005,200,0.7079896608446683,0.35676172777295767,0.2525836146483341,0,Paid
campaign_c,4.5,1,18,317601,76,115.6600008,1,0,0.02392939568830073,0.0,1.5218421157894737,0.0,0,0.0,0.36416762163847094,0.0,0,Paid
campaign_c,4.5,1,18,685211,164,247.3200026,4,3,0.02393423339672013,0.75,1.5080487963414635,82.44000086666667,300,1.213003383657574,0.36093991865279457,0.43782134262292927,0,Paid
campaign_c,4.5,1,19,32781,7,11.20000017,2,2,0.021353833013025837,1.0,1.6000000242857142,5.600000085,200,17.857142586096945,0.34166133339434424,6.10109514657881,0,Paid
campaign_c,4.5,1,19,76785,19,25.45999998,3,0,0.024744416227127697,0.0,1.3399999989473683,0.0,0,0.0,0.3315751771830435,0.0,0,Paid
campaign_c,4.5,1,19,719083,206,299.5299983,12,5,0.028647597008968368,0.4166666666666667,1.454029117961165,59.90599966,500,1.6692818844115087,0.4165444021065718,0.6953300244895234,0,Paid
campaign_c,4.5,1,20,368480,107,140.4200011,5,4,0.029038211029092487,0.8,1.3123364588785047,35.105000275,400,2.8485970436301327,0.38107903034085977,1.0855405992184108,0,Paid
campaign_c,4.5,1,20,260945,73,100.8800011,2,2,0.027975243825327175,1.0,1.3819178232876712,50.44000055,200,1.98255350732743,0.38659488053038,0.7664450363103336,0,Paid
campaign_c,4.5,1,21,40998,10,13.35000038,1,0,0.02439143372847456,0.0,1.335000038,0.0,0,0.0,0.32562564954388024,0.0,0,Paid
campaign_c,4.5,1,21,183293,53,73.74999964,2,1,0.0289154523085988,0.5,1.3915094271698112,73.74999964,100,1.3559322100086182,0.40236124478294316,0.5455745718603547,0,Paid
campaign_c,4.5,1,22,221561,55,76.75999916,1,0,0.024823863405563255,0.0,1.3956363483636365,0.0,0,0.0,0.34645086075618003,0.0,0,Paid
campaign_c,4.5,1,22,436943,109,145.8199974,1,1,0.024946045594047735,1.0,1.3377981412844038,145.8199974,100,0.6857769975519146,0.3337277342811305,0.22886280361511685,0,Paid
campaign_c,4.5,1,23,284488,90,125.2700011,1,1,0.03163578077106943,1.0,1.391888901111111,125.2700011,100,0.7982757174255345,0.4403349213323585,0.3515086752341048,0,Paid
campaign_c,4.5,1,24,85083,32,38.62999976,1,1,0.037610333439112395,1.0,1.2071874925,38.62999976,100,2.5886616780035934,0.45402724116450993,1.1753229199722623,0,Paid
campaign_c,4.5,1,24,14167,5,7.139999986,1,0,0.035293287216771364,0.0,1.4279999972000001,0.0,0,0.0,0.5039881404672831,0.0,0,Paid
campaign_c,4.5,1,25,300637,84,116.9899981,2,0,0.027940672638431068,0.0,1.3927380726190475,0.0,0,0.0,0.3891403855812824,0.0,0,Paid
campaign_c,4.5,1,25,449921,129,175.9700005,5,1,0.028671700142913977,0.2,1.3641085310077519,175.9700005,100,0.5682786822518648,0.3911131076344514,0.22226124141793782,0,Paid
campaign_c,4.5,1,25,282899,71,105.6600007,1,0,0.02509729620818737,0.0,1.488169023943662,0.0,0,0.0,0.37349018801763173,0.0,0,Paid
campaign_c,4.5,1,26,669671,186,259.1799988,4,1,0.027774832716363707,0.25,1.393440853763441,259.1799988,100,0.38583224192838445,0.387025866134266,0.14932705761485865,0,Paid
campaign_c,4.5,1,26,108655,28,46.92000186,1,0,0.025769637844553866,0.0,1.675714352142857,0.0,0,0.0,0.4318255198564263,0.0,0,Paid
campaign_c,4.5,1,26,536248,146,187.7399978,3,0,0.027226208769076995,0.0,1.2858903958904109,0.0,0,0.0,0.35009920372663395,0.0,0,Paid
campaign_c,4.5,1,27,1055017,265,380.6599952,16,2,0.025118078666030975,0.125,1.4364528120754718,190.3299976,200,0.5254032536172322,0.3608093473375311,0.18957040502664885,0,Paid
campaign_c,4.5,1,27,1428421,367,541.7000023,10,0,0.02569270544188303,0.0,1.4760218046321527,0.0,0,0.0,0.37922993452210524,0.0,0,Paid
campaign_c,4.5,1,27,1088027,272,409.5600026,9,4,0.02499937961098392,0.4444444444444444,1.5057353036764707,102.39000065,400,0.976657870545682,0.3764244845026824,0.3676379354556459,0,Paid
campaign_c,4.5,1,28,288517,78,102.3900002,3,0,0.027034802108714565,0.0,1.3126923102564103,0.0,0,0.0,0.354883768374134,0.0,0,Paid
campaign_c,4.5,1,28,202231,53,67.13000107,3,1,0.02620765362382622,0.3333333333333333,1.266603793773585,67.13000107,100,1.4896469299281658,0.33194713505842327,0.49448403063823054,0,Paid
campaign_c,4.5,1,28,73222,16,22.86000025,1,0,0.021851356149791046,0.0,1.428750015625,0.0,0,0.0,0.31220125440441393,0.0,0,Paid
campaign_c,4.5,1,28,348542,96,134.889999,2,0,0.0275433089842831,0.0,1.40510415625,0.0,0,0.0,0.3870121793069415,0.0,0,Paid
campaign_c,4.5,1,29,1097966,266,369.069997,16,8,0.02422661539610516,0.5,1.3874811917293233,46.133749625,800,2.1676104980161797,0.3361397320135596,0.7286200119129372,0,Paid
campaign_c,4.5,1,29,526923,138,198.0899972,2,1,0.02618978484522406,0.5,1.4354347623188406,198.0899972,100,0.5048210480766264,0.37593727584485775,0.18978104960307293,0,Paid
campaign_c,4.5,1,29,264386,66,91.00000054,4,1,0.024963500336629023,0.25,1.378787886969697,91.00000054,100,1.0989010923801474,0.3441937188050805,0.3782348535852882,0,Paid
campaign_c,4.5,1,29,854940,227,297.9100007,8,3,0.026551570870470442,0.375,1.3123788577092512,99.30333356666667,300,1.0070155392403382,0.34845720249374224,0.35090181767141554,0,Paid
campaign_c,4.5,1,30,113567,34,50.29000044,3,0,0.029938274322646546,0.0,1.47911766,0.0,0,0.0,0.4428223026055104,0.0,0,Paid
campaign_c,4.5,1,30,22859,6,9.419999838,1,0,0.026247867360776934,0.0,1.569999973,0.0,0,0.0,0.4120915104772737,0.0,0,Paid
campaign_c,4.5,1,31,51754,13,20.51999998,1,0,0.025118831394674804,0.0,1.578461536923077,0.0,0,0.0,0.39649109208950034,0.0,0,Paid
campaign_c,4.5,1,31,104347,28,38.13999993,4,3,0.026833545765570642,0.75,1.3621428546428571,12.713333310000001,300,7.865757749098139,0.3655112262930415,2.875022760596855,0,Paid
campaign_c,4.5,1,63,391998,97,142.0500025,3,1,0.02474502420930719,0.3333333333333333,1.4644330154639176,142.0500025,100,0.7039774603312661,0.3623743042056337,0.2551033423639917,0,Paid
campaign_c,4.5,1,63,1111156,282,402.3000026,5,0,0.02537897468942255,0.0,1.4265957539007093,0.0,0,0.0,0.3620553753028378,0.0,0,Paid
campaign_c,4.5,1,63,427772,117,159.299999,3,1,0.027351018767006723,0.3333333333333333,1.3615384529914532,159.299999,100,0.6277463943989101,0.3723946377977053,0.23376939117099763,0,Paid
campaign_c,4.5,1,64,536457,136,193.6599991,2,1,0.02535151932028103,0.5,1.4239705816176471,193.6599991,100,0.5163688963375608,0.36099817711391596,0.18640823029618403,0,Paid
campaign_c,4.5,1,64,179894,43,66.83999872,2,0,0.023902965079435668,0.0,1.554418574883721,0.0,0,0.0,0.37155212914271735,0.0,0,Paid
campaign_c,4.5,1,64,479882,131,178.6700007,6,0,0.027298377517806463,0.0,1.3638931351145038,0.0,0,0.0,0.3723206969630034,0.0,0,Paid
campaign_c,4.5,1,64,358261,91,130.3600011,1,0,0.025400476189147016,0.0,1.4325274846153846,0.0,0,0.0,0.3638688026327175,0.0,0,Paid
campaign_c,4.5,1,65,346688,88,114.8599998,2,0,0.025383053350563043,0.0,1.3052272704545453,0.0,0,0.0,0.33130653440557506,0.0,0,Paid
campaign_c,3.0,2,100,33445,2,3.199999928,1,0,0.005979967110180894,0.0,1.599999964,0.0,0,0.0,0.09567947161010613,0.0,0,Paid
campaign_c,3.0,2,101,72228,5,7.529999852,4,4,0.006922523121227224,1.0,1.5059999704,1.882499963,400,53.120850977674095,0.10425319615661517,5.53801849698178,0,Paid
campaign_c,3.0,2,102,49699,2,2.690000057,2,1,0.004024225839554116,0.5,1.3450000285,2.690000057,100,37.17472040187395,0.054125838688907225,2.0121129197770578,0,Paid
campaign_c,3.0,2,103,189761,18,27.32999969,4,1,0.009485616117115741,0.25,1.5183333161111112,27.32999969,100,3.6589828442841084,0.14402326974457344,0.5269786731730967,0,Paid
campaign_c,3.0,2,105,312524,37,53.78999972,2,0,0.011839090757829799,0.0,1.4537837762162162,0.0,0,0.0,0.1721147806888431,0.0,0,Paid
campaign_c,3.0,2,107,496760,42,61.00999904,10,3,0.008454787019888879,0.3,1.4526190247619046,20.336666346666664,300,4.917226761523319,0.12281584475400595,0.6039133585634914,0,Paid
campaign_c,3.0,2,110,310988,34,46.66999936,11,3,0.010932897732388388,0.2727272727272727,1.37264704,15.556666453333333,300,6.428112365845124,0.15007009710985633,0.964667446975446,0,Paid
campaign_c,3.0,2,111,98606,9,12.10999984,1,0,0.009127233636898362,0.0,1.345555537777778,0.0,0,0.0,0.122811997647202,0.0,0,Paid
campaign_c,3.0,2,112,51104,2,3.199999928,3,1,0.003913587977457733,0.3333333333333333,1.599999964,3.199999928,100,31.250000703125014,0.06261740623043206,1.9567939887288666,0,Paid
campaign_c,3.0,2,113,276762,22,32.09000015,5,1,0.007949068152419768,0.2,1.4586363704545455,32.09000015,100,3.1162355728440216,0.1159479991834139,0.361321279655444,0,Paid
campaign_c,3.5,2,101,33534,2,2.960000038,1,1,0.005964096141229796,1.0,1.480000019,2.960000038,100,33.78378335007305,0.08826862402337925,2.982048070614898,0,Paid
campaign_c,3.5,2,102,128859,16,23.69999957,1,0,0.012416672486981894,0.0,1.481249973125,0.0,0,0.0,0.18392195787643856,0.0,0,Paid
campaign_c,3.5,2,103,92080,12,16.94000018,3,2,0.013032145960034753,0.6666666666666666,1.4116666816666665,8.47000009,200,11.80637531728763,0.18397046242397913,2.172024326672459,0,Paid
campaign_c,3.5,2,105,211882,33,46.64999926,3,1,0.015574706676357596,0.3333333333333333,1.4136363412121213,46.64999926,100,2.143622756404734,0.22016971361418147,0.4719608083744726,0,Paid
campaign_c,3.5,2,107,112776,9,12.67999995,1,0,0.007980421366248137,0.0,1.4088888833333333,0.0,0,0.0,0.11243526947222814,0.0,0,Paid
campaign_c,3.5,2,108,145324,14,19.82000005,2,1,0.009633646197462223,0.5,1.4157142892857144,19.82000005,100,5.045408665374852,0.13638490579670254,0.6881175855330158,0,Paid
campaign_c,3.5,2,109,106492,14,21.26000023,2,0,0.01314652743868084,0.0,1.5185714449999999,0.0,0,0.0,0.1996394116928971,0.0,0,Paid
campaign_c,3.5,2,110,233845,30,40.73000062,3,0,0.012829010669460541,0.0,1.3576666873333332,0.0,0,0.0,0.1741752041737048,0.0,0,Paid
campaign_c,3.5,2,112,155426,17,25.01000023,3,0,0.010937680954280493,0.0,1.4711764841176471,0.0,0,0.0,0.16091259010718928,0.0,0,Paid
campaign_c,3.5,2,113,97540,8,11.5199995,2,1,0.008201763379126512,0.5,1.4399999375,11.5199995,100,8.680555932315794,0.11810538753331967,1.0252204223908141,0,Paid
campaign_c,3.5,2,114,61441,5,7.700000048,1,0,0.00813788838072297,0.0,1.5400000096,0.0,0,0.0,0.125323481844371,0.0,0,Paid
campaign_c,4.0,2,100,76703,9,12.14999962,3,1,0.011733569743034822,0.3333333333333333,1.3499999577777777,12.14999962,100,8.230452932310463,0.1584031865767962,1.3037299714483137,0,Paid
campaign_c,4.0,2,101,68619,10,14.96000034,1,0,0.014573223159766247,0.0,1.4960000340000001,0.0,0,0.0,0.21801542342499894,0.0,0,Paid
campaign_c,4.0,2,104,17559,1,1.49000001,1,1,0.005695085141522866,1.0,1.49000001,1.49000001,100,67.11409350930138,0.0848567691781992,5.695085141522865,0,Paid
campaign_c,4.0,2,105,137879,19,28.47000003,2,0,0.013780198579914273,0.0,1.4984210542105263,0.0,0,0.0,0.20648539683345543,0.0,0,Paid
campaign_c,4.0,2,106,67710,10,15.14999998,1,0,0.014768867227883621,0.0,1.514999998,0.0,0,0.0,0.2237483382070595,0.0,0,Paid
campaign_c,4.0,2,107,348180,41,60.22999907,3,1,0.011775518410017807,0.3333333333333333,1.4690243675609755,60.22999907,100,1.6603022006322605,0.17298523484979034,0.2872077660979953,0,Paid
campaign_c,4.0,2,108,146246,18,28.71999955,3,1,0.01230802893754359,0.3333333333333333,1.5955555305555555,28.71999955,100,3.481894204973969,0.19638143641535494,0.6837793854190883,0,Paid
campaign_c,4.0,2,110,187236,24,34.86999965,2,2,0.012818047811318336,1.0,1.4529166520833332,17.434999825,200,5.735589389373567,0.18623555112264734,1.0681706509431947,0,Paid
campaign_c,4.0,2,111,72157,9,13.50000036,1,1,0.012472802361517248,1.0,1.50000004,13.50000036,100,7.407407209876549,0.18709204041187966,1.3858669290574719,0,Paid
campaign_c,4.0,2,112,91180,10,13.55999994,1,0,0.010967317394165389,0.0,1.355999994,0.0,0,0.0,0.14871682320684362,0.0,0,Paid
campaign_c,4.0,2,113,86293,6,9.259999871,1,1,0.006953055288377969,1.0,1.5433333118333332,9.259999871,100,10.799136219556,0.10730881845572642,1.1588425480629947,0,Paid
campaign_c,4.5,2,100,101410,12,17.94000006,4,0,0.01183315254905828,0.0,1.4950000049999999,0.0,0,0.0,0.17690563120007888,0.0,0,Paid
campaign_c,4.5,2,102,134245,18,25.75000024,2,1,0.013408320607843867,0.5,1.430555568888889,25.75000024,100,3.8834951094353856,0.19181347714998695,0.7449067004357705,0,Paid
campaign_c,4.5,2,104,125650,20,30.08000076,4,0,0.01591723040191007,0.0,1.504000038,0.0,0,0.0,0.23939515129327496,0.0,0,Paid
campaign_c,4.5,2,105,50406,5,7.26000011,1,1,0.00991945403325001,1.0,1.452000022,7.26000011,100,13.77410447449704,0.14403047474507005,1.9838908066500018,0,Paid
campaign_c,4.5,2,107,121769,13,18.41999996,2,1,0.010675952007489591,0.5,1.4169230738461538,18.41999996,100,5.4288816621691245,0.15127002734686168,0.8212270774991993,0,Paid
campaign_c,4.5,2,108,267106,34,50.5,4,1,0.012729028924846316,0.25,1.4852941176470589,50.5,100,1.9801980198019802,0.18906351785433498,0.37438320367195044,0,Paid
campaign_c,4.5,2,109,365539,57,82.13999915,5,2,0.015593411373341831,0.4,1.4410526166666666,41.069999575,200,2.434867324928625,0.22470926262314006,0.5471372411698888,0,Paid
campaign_c,4.5,2,110,188758,25,36.60000038,2,1,0.013244471757488423,0.5,1.4640000152,36.60000038,100,2.732240408790947,0.1938990685427902,0.529778870299537,0,Paid
campaign_c,4.5,2,112,108426,13,19.58000016,1,0,0.011989744157305443,0.0,1.5061538584615386,0.0,0,0.0,0.1805839942449228,0.0,0,Paid
campaign_c,4.5,2,113,138525,9,13.65000045,3,0,0.0064970221981591764,0.0,1.5166667166666667,0.0,0,0.0,0.09853817325392528,0.0,0,Paid
campaign_c,4.5,2,114,150858,21,30.26000011,1,0,0.013920375452412202,0.0,1.4409523861904763,0.0,0,0.0,0.20058598224820692,0.0,0,Paid
campaign_c,3.0,1,101,524306,81,113.6800029,10,4,0.015448993526680983,0.4,1.403456825925926,28.420000725,400,3.518648749084435,0.2168199541870587,0.7629132605768387,0,Paid
campaign_c,3.0,1,102,104496,9,11.42999983,3,2,0.008612769866789159,0.6666666666666666,1.2699999811111111,5.714999915,200,17.49781303365076,0.1093821756813658,1.9139488592864797,0,Paid
campaign_c,3.0,1,103,452519,68,99.52000237,7,2,0.015026993341716036,0.2857142857142857,1.4635294466176472,49.760001185,200,2.0096462543924676,0.21992447249728742,0.4419703924034129,0,Paid
campaign_c,3.0,1,104,442919,76,110.7800021,21,2,0.017158893612601853,0.09523809523809523,1.4576316065789474,55.39000105,200,1.805379998273172,0.2501134566365408,0.4515498319105751,0,Paid
campaign_c,3.0,1,105,596831,86,120.8799992,11,0,0.014409439187977834,0.0,1.4055813860465116,0.0,0,0.0,0.2025363950599081,0.0,0,Paid
campaign_c,3.0,1,106,173912,26,35.54000032,2,1,0.014950089700538204,0.5,1.366923089230769,35.54000032,100,2.813730981981038,0.20435622797736785,0.5750034500207001,0,Paid
campaign_c,3.0,1,107,780967,86,119.6400018,20,4,0.011011988982889163,0.2,1.391162811627907,29.91000045,400,3.3433633733027914,0.1531946955505162,0.5121855340878679,0,Paid
campaign_c,3.0,1,108,132124,8,11.18999994,4,0,0.0060549181072326,0.0,1.3987499925,0.0,0,0.0,0.08469316657079712,0.0,0,Paid
campaign_c,3.0,1,109,623137,100,138.9200006,12,1,0.016047835387723728,0.08333333333333333,1.389200006,138.9200006,100,0.7198387530096224,0.22293653016912815,0.16047835387723727,0,Paid
campaign_c,3.0,1,110,99020,10,14.48000044,4,1,0.010098969905069682,0.25,1.448000044,14.48000044,100,6.906077138213126,0.14623308866895576,1.0098969905069684,0,Paid
campaign_c,3.0,1,111,665817,117,163.8000002,23,9,0.017572396018725865,0.391304347826087,1.4000000017094016,18.200000022222223,900,5.494505487796697,0.24601354456254496,1.3517227706712205,0,Paid
campaign_c,3.0,1,112,699232,80,111.9899995,12,3,0.011441123976019403,0.25,1.39987499375,37.32999983333333,300,2.678810620050052,0.16016143354423137,0.4290421491007277,0,Paid
campaign_c,3.5,1,100,72982,11,15.04999995,1,0,0.015072209585925296,0.0,1.3681818136363637,0.0,0,0.0,0.2062152304677866,0.0,0,Paid
campaign_c,3.5,1,101,975884,167,237.3199975,14,3,0.01711268962294699,0.21428571428571427,1.4210778293413173,79.10666583333334,300,1.2641159748874513,0.24318463823569195,0.3074135860409639,0,Paid
campaign_c,3.5,1,102,245607,33,47.87999952,3,1,0.013436099133982339,0.3333333333333333,1.4509090763636363,47.87999952,100,2.08855474107156,0.19494558184416566,0.407154519211586,0,Paid
campaign_c,3.5,1,106,485369,114,164.6400015,3,0,0.023487284931670543,0.0,1.4442105394736844,0.0,0,0.0,0.33920584441940055,0.0,0,Paid
campaign_c,3.5,1,107,866355,139,200.8299961,11,5,0.016044231290868065,0.45454545454545453,1.444820115827338,40.165999219999996,500,2.489667926652915,0.23181028112032595,0.5771306219736713,0,Paid
campaign_c,3.5,1,108,502710,72,105.2199969,8,2,0.014322372739750552,0.25,1.4613888458333333,52.60999845,200,1.9007793755219167,0.20930555767738857,0.3978436872152931,0,Paid
campaign_c,3.5,1,109,475184,88,127.3200028,4,1,0.018519142058655173,0.25,1.4468182136363636,127.3200028,100,0.7854225400629664,0.26793832031381526,0.21044479612108152,0,Paid
campaign_c,3.5,1,110,357401,47,68.67000008,8,1,0.01315049482234241,0.125,1.4610638314893616,68.67000008,100,1.4562399866535722,0.19213712351112616,0.27979776217749813,0,Paid
campaign_c,3.5,1,111,99810,14,20.05000019,2,0,0.014026650636208797,0.0,1.4321428707142856,0.0,0,0.0,0.20088167708646426,0.0,0,Paid
campaign_c,3.5,1,112,81569,6,9.409999967,3,1,0.007355735634861284,0.3333333333333333,1.5683333278333331,9.409999967,100,10.62699259837309,0.11536245346884232,1.225955939143547,0,Paid
campaign_c,3.5,1,113,441192,53,77.59999979,6,2,0.012012910478884477,0.3333333333333333,1.4641509394339622,38.799999895,200,2.577319594603571,0.17588714162994795,0.45331737656167836,0,Paid
campaign_c,3.5,1,114,90470,11,16.73000002,1,1,0.012158726649718139,1.0,1.5209090927272726,16.73000002,100,5.9772863048687555,0.18492317917541723,1.1053387863380126,0,Paid
campaign_c,4.0,1,100,834243,166,246.7499975,18,7,0.019898279038601464,0.3888888888888889,1.4864457680722891,35.24999964285714,700,2.8368794613665598,0.29577712668850686,0.8390840558446401,0,Paid
campaign_c,4.0,1,101,696612,152,223.1899948,31,9,0.021819894001251772,0.2903225806451613,1.4683552289473685,24.79888831111111,900,4.032438823283668,0.32039355451815354,1.2919674079688548,0,Paid
campaign_c,4.0,1,102,329333,48,67.60999918,1,0,0.01457491353736188,0.0,1.4085416495833334,0.0,0,0.0,0.2052937275645016,0.0,0,Paid
campaign_c,4.0,1,103,1114711,224,319.0000019,6,0,0.020094894551143747,0.0,1.4241071513392856,0.0,0,0.0,0.2861728303569266,0.0,0,Paid
campaign_c,4.0,1,104,267316,58,82.92999887,3,0,0.021697167397387362,0.0,1.429827566724138,0.0,0,0.0,0.3102320806461267,0.0,0,Paid
campaign_c,4.0,1,105,228629,38,57.0,2,0,0.016620813632566296,0.0,1.5,0.0,0,0.0,0.24931220448849445,0.0,0,Paid
campaign_c,4.0,1,106,758340,159,233.110002,13,4,0.020966848643088853,0.3076923076923077,1.466100641509434,58.2775005,400,1.7159280878904544,0.3073951024606377,0.5274678903921725,0,Paid
campaign_c,4.0,1,107,877535,149,217.7799966,5,2,0.016979379739839436,0.4,1.4616107154362417,108.8899983,200,0.9183579902765046,0.24817243369210346,0.2279111374475092,0,Paid
campaign_c,4.0,1,108,1357386,223,323.0600071,10,1,0.016428635627595983,0.1,1.4486995834080718,323.0600071,100,0.30954001672217507,0.23800157589661305,0.07367101178294162,0,Paid
campaign_c,4.0,1,109,280240,61,87.99000168,2,2,0.0217670568084499,1.0,1.4424590439344263,43.99500084,200,2.272985523143361,0.3139808795318299,0.7136739937196689,0,Paid
campaign_c,4.0,1,110,419922,75,105.4500008,3,1,0.017860459799677084,0.3333333333333333,1.4060000106666666,105.4500008,100,0.948316730595985,0.2511180666885755,0.23813946399569444,0,Paid
campaign_c,4.0,1,111,402975,83,120.8999977,1,0,0.02059681121657671,0.0,1.456626478313253,0.0,0,0.0,0.30001860586885043,0.0,0,Paid
campaign_c,4.0,1,112,1137635,211,301.0499992,30,10,0.01854724933744127,0.3333333333333333,1.4267772473933649,30.10499992,1000,3.321707366408789,0.26462793356392866,0.8790165562768375,0,Paid
campaign_c,4.0,1,114,250234,40,62.31999922,4,1,0.015985038004427854,0.25,1.5579999805,62.31999922,100,1.604621329454503,0.24904688899190358,0.3996259501106964,0,Paid
campaign_c,4.5,1,100,904907,195,279.219995,11,1,0.021549175771653883,0.09090909090909091,1.4318974102564102,279.219995,100,0.3581405407589095,0.30856208980591376,0.11050859370078914,0,Paid
campaign_c,4.5,1,101,589270,107,158.0500023,10,4,0.018158059972508356,0.4,1.4771028252336447,39.512500575,400,2.530844632578661,0.26821321686154054,0.6788059802806863,0,Paid
campaign_c,4.5,1,102,168714,24,36.01000071,2,2,0.014225256943703546,1.0,1.50041669625,18.005000355,200,5.554012664722327,0.21343813026779046,1.185438078641962,0,Paid
campaign_c,4.5,1,103,71982,11,16.34000051,1,0,0.015281598177322109,0.0,1.4854545918181818,0.0,0,0.0,0.22700120182823483,0.0,0,Paid
campaign_c,4.5,1,104,558666,110,162.6399975,14,5,0.01968976096630187,0.35714285714285715,1.4785454318181817,32.5279995,500,3.0742745184806095,0.29112206130317575,0.8949891348319031,0,Paid
campaign_c,4.5,1,105,1118200,235,333.7499943,11,4,0.021015918440350563,0.36363636363636365,1.4202127417021277,83.437498575,400,1.1985018931279723,0.2984707514755858,0.3577177606868181,0,Paid
campaign_c,4.5,1,106,107100,23,33.71000051,1,0,0.021475256769374416,0.0,1.4656521960869566,0.0,0,0.0,0.3147525724556489,0.0,0,Paid
campaign_c,4.5,1,107,877769,160,232.5900005,13,4,0.01822803038156964,0.3076923076923077,1.453687503125,58.147500125,400,1.719764388581271,0.2649785997227061,0.455700759539241,0,Paid
campaign_c,4.5,1,108,212508,33,47.69000006,4,1,0.015528827150036704,0.25,1.4451515169696971,47.69000006,100,2.0968756526355095,0.2244150811263576,0.47057051969808195,0,Paid
campaign_c,4.5,1,109,1129773,252,358.189997,13,2,0.02230536576816759,0.15384615384615385,1.421388876984127,179.0949985,200,0.5583628847122718,0.3170459879993591,0.1770267124457745,0,Paid
campaign_c,4.5,1,110,637549,120,173.8800035,3,0,0.01882208269482032,0.0,1.4490000291666665,0.0,0,0.0,0.2727319837377205,0.0,0,Paid
campaign_c,4.5,1,111,151531,28,40.28999949,2,0,0.01847806719417149,0.0,1.4389285532142857,0.0,0,0.0,0.2658861849390554,0.0,0,Paid
campaign_c,4.5,1,113,790253,135,198.7100005,8,2,0.017083136666358748,0.25,1.4719259296296296,99.35500025,200,1.0064918700455643,0.25145111818620114,0.25308350616827774,0,Paid
campaign_c,4.5,1,114,513161,114,165.6099987,5,2,0.02221525018463991,0.4,1.4527192868421053,82.80499935,200,1.207656551959142,0.3227252240524904,0.3897412313094721,0,Paid
